cellID,updated_nwbs_path,dandi_path,dandi_filename,match_method
1002398,data\updated_nwbs\M19\1002398.nwb,001776\sub-M19G\sub-M19G_ses-20230118T110043_obj-1czinkz_icephys.nwb,sub-M19G_ses-20230118T110043_obj-1czinkz_icephys.nwb,size
1037668,data\updated_nwbs\A15\1037668.nwb,001776\sub-A15W\sub-A15W_ses-20211112T233608_icephys.nwb,sub-A15W_ses-20211112T233608_icephys.nwb,size
1038118,data\updated_nwbs\M16\1038118.nwb,001776\sub-M16W\sub-M16W_ses-20210204T152143_icephys.nwb,sub-M16W_ses-20210204T152143_icephys.nwb,size
1060735,data\updated_nwbs\M08\1060735.nwb,001776\sub-M08G\sub-M08G_ses-20220803T194545_icephys.nwb,sub-M08G_ses-20220803T194545_icephys.nwb,size
1078749,data\updated_nwbs\M17\1078749.nwb,001776\sub-M17G\sub-M17G_ses-20220425T185548_icephys.nwb,sub-M17G_ses-20220425T185548_icephys.nwb,size
1082683,data\updated_nwbs\M28\1082683.nwb,001776\sub-M28G\sub-M28G_ses-20250709T120135_obj-13w6hq7_icephys.nwb,sub-M28G_ses-20250709T120135_obj-13w6hq7_icephys.nwb,size
1104294,data\updated_nwbs\M24\1104294.nwb,001776\sub-M24G\sub-M24G_ses-20240917T145215_icephys.nwb,sub-M24G_ses-20240917T145215_icephys.nwb,size
1106790,data\updated_nwbs\M19\1106790.nwb,001776\sub-M19G\sub-M19G_ses-20230118T152713_icephys.nwb,sub-M19G_ses-20230118T152713_icephys.nwb,size
1111046,data\updated_nwbs\M20\1111046.nwb,001776\sub-M20G\sub-M20G_ses-20240123T140044_icephys.nwb,sub-M20G_ses-20240123T140044_icephys.nwb,size
1117919,data\updated_nwbs\A29\1117919.nwb,001776\sub-A29W\sub-A29W_ses-20230111T150048_icephys.nwb,sub-A29W_ses-20230111T150048_icephys.nwb,size
1145938,data\updated_nwbs\M03\1145938.nwb,001776\sub-M03G\sub-M03G_ses-20220126T130742_icephys.nwb,sub-M03G_ses-20220126T130742_icephys.nwb,size
1146852,data\updated_nwbs\A23\1146852.nwb,001776\sub-A23W\sub-A23W_ses-20220620T135145_icephys.nwb,sub-A23W_ses-20220620T135145_icephys.nwb,size
1172644,data\updated_nwbs\M15\1172644.nwb,001776\sub-M15G\sub-M15G_ses-20220419T184130_icephys.nwb,sub-M15G_ses-20220419T184130_icephys.nwb,size
1194066,data\updated_nwbs\A32\1194066.nwb,001776\sub-A32W\sub-A32W_ses-20230711T212021_icephys.nwb,sub-A32W_ses-20230711T212021_icephys.nwb,size
1195171,data\updated_nwbs\M25\1195171.nwb,001776\sub-M25G\sub-M25G_ses-20241024T175613_icephys.nwb,sub-M25G_ses-20241024T175613_icephys.nwb,size
1215721,data\updated_nwbs\M21\1215721.nwb,001776\sub-M21G\sub-M21G_ses-20240503T162230_icephys.nwb,sub-M21G_ses-20240503T162230_icephys.nwb,size
1219084,data\updated_nwbs\M22\1219084.nwb,001776\sub-M22G\sub-M22G_ses-20240416T174801_icephys.nwb,sub-M22G_ses-20240416T174801_icephys.nwb,size
1236528,data\updated_nwbs\M19\1236528.nwb,001776\sub-M19G\sub-M19G_ses-20230118T160713_icephys.nwb,sub-M19G_ses-20230118T160713_icephys.nwb,size
1240321,data\updated_nwbs\M17\1240321.nwb,001776\sub-M17W\sub-M17W_ses-20210226T205040_icephys.nwb,sub-M17W_ses-20210226T205040_icephys.nwb,size
1257712,data\updated_nwbs\M05\1257712.nwb,001776\sub-M05G\sub-M05G_ses-20220215T175052_icephys.nwb,sub-M05G_ses-20220215T175052_icephys.nwb,size
1269155,data\updated_nwbs\M19\1269155.nwb,001776\sub-M19G\sub-M19G_ses-20230118T170824_icephys.nwb,sub-M19G_ses-20230118T170824_icephys.nwb,size
1312798,data\updated_nwbs\M02\1312798.nwb,001776\sub-M02G\sub-M02G_ses-20220125T140118_obj-1fs6m3m_icephys.nwb,sub-M02G_ses-20220125T140118_obj-1fs6m3m_icephys.nwb,size
1348680,data\updated_nwbs\M17\1348680.nwb,001776\sub-M17G\sub-M17G_ses-20220425T171359_icephys.nwb,sub-M17G_ses-20220425T171359_icephys.nwb,size
1358566,data\updated_nwbs\A32\1358566.nwb,001776\sub-A32W\sub-A32W_ses-20230711T161733_icephys.nwb,sub-A32W_ses-20230711T161733_icephys.nwb,size
1375944,data\updated_nwbs\M21\1375944.nwb,001776\sub-M21G\sub-M21G_ses-20240305T105348_obj-1n16jgd_icephys.nwb,sub-M21G_ses-20240305T105348_obj-1n16jgd_icephys.nwb,size
1381480,data\updated_nwbs\M09\1381480.nwb,001776\sub-M09G\sub-M09G_ses-20220315T142927_obj-1sxqbk8_icephys.nwb,sub-M09G_ses-20220315T142927_obj-1sxqbk8_icephys.nwb,size
1388585,data\updated_nwbs\A23\1388585.nwb,001776\sub-A23W\sub-A23W_ses-20220620T171930_icephys.nwb,sub-A23W_ses-20220620T171930_icephys.nwb,size
1408186,data\updated_nwbs\M08\1408186.nwb,001776\sub-M08G\sub-M08G_ses-20220308T143942_obj-19ther8_icephys.nwb,sub-M08G_ses-20220308T143942_obj-19ther8_icephys.nwb,size
1417284,data\updated_nwbs\M28\1417284.nwb,001776\sub-M28G\sub-M28G_ses-20250709T120135_obj-1uwutrc_icephys.nwb,sub-M28G_ses-20250709T120135_obj-1uwutrc_icephys.nwb,size
1430858,data\updated_nwbs\A34\1430858.nwb,001776\sub-A34W\sub-A34W_ses-20230717T174432_icephys.nwb,sub-A34W_ses-20230717T174432_icephys.nwb,size
1441088,data\updated_nwbs\M26\1441088.nwb,001776\sub-M26G\sub-M26G_ses-20241128T141540_icephys.nwb,sub-M26G_ses-20241128T141540_icephys.nwb,size
1482476,data\updated_nwbs\A32\1482476.nwb,001776\sub-A32W\sub-A32W_ses-20230711T181135_icephys.nwb,sub-A32W_ses-20230711T181135_icephys.nwb,size
1508133,data\updated_nwbs\M05\1508133.nwb,001776\sub-M05G\sub-M05G_ses-20220215T195530_icephys.nwb,sub-M05G_ses-20220215T195530_icephys.nwb,size
1521230,data\updated_nwbs\M14\1521230.nwb,001776\sub-M14G\sub-M14G_ses-20220412T101008_obj-w9gp4d_icephys.nwb,sub-M14G_ses-20220412T101008_obj-w9gp4d_icephys.nwb,size
1521594,data\updated_nwbs\A32\1521594.nwb,001776\sub-A32W\sub-A32W_ses-20230711T145023_icephys.nwb,sub-A32W_ses-20230711T145023_icephys.nwb,size
1558326,data\updated_nwbs\M16\1558326.nwb,001776\sub-M16W\sub-M16W_ses-20210204T155013_icephys.nwb,sub-M16W_ses-20210204T155013_icephys.nwb,size
1569700,data\updated_nwbs\M13\1569700.nwb,001776\sub-M13G\sub-M13G_ses-20220405T105116_obj-7jczhi_icephys.nwb,sub-M13G_ses-20220405T105116_obj-7jczhi_icephys.nwb,size
1574233,data\updated_nwbs\A28\1574233.nwb,001776\sub-A28W\sub-A28W_ses-20221212T151028_icephys.nwb,sub-A28W_ses-20221212T151028_icephys.nwb,size
1629480,data\updated_nwbs\A35\1629480.nwb,001776\sub-A35W\sub-A35W_ses-20230803T164726_icephys.nwb,sub-A35W_ses-20230803T164726_icephys.nwb,size
1630172,data\updated_nwbs\M15\1630172.nwb,001776\sub-M15G\sub-M15G_ses-20220419T154408_icephys.nwb,sub-M15G_ses-20220419T154408_icephys.nwb,size
1630207,data\updated_nwbs\A24\1630207.nwb,001776\sub-A24W\sub-A24W_ses-20220629T183329_icephys.nwb,sub-A24W_ses-20220629T183329_icephys.nwb,size
1664422,data\updated_nwbs\M24\1664422.nwb,001776\sub-M24G\sub-M24G_ses-20240917T170949_icephys.nwb,sub-M24G_ses-20240917T170949_icephys.nwb,size
1676634,data\updated_nwbs\A35\1676634.nwb,001776\sub-A35W\sub-A35W_ses-20230803T224105_icephys.nwb,sub-A35W_ses-20230803T224105_icephys.nwb,size
1686327,data\updated_nwbs\A18\1686327.nwb,001776\sub-A18W\sub-A18W_ses-20220112T173258_icephys.nwb,sub-A18W_ses-20220112T173258_icephys.nwb,size
1688937,data\updated_nwbs\M27\1688937.nwb,001776\sub-M27G\sub-M27G_ses-20250624T134722_icephys.nwb,sub-M27G_ses-20250624T134722_icephys.nwb,size
1769545,data\updated_nwbs\M15\1769545.nwb,001776\sub-M15G\sub-M15G_ses-20220419T123451_obj-zv9vb8_icephys.nwb,sub-M15G_ses-20220419T123451_obj-zv9vb8_icephys.nwb,size
1780091,data\updated_nwbs\M24\1780091.nwb,001776\sub-M24G\sub-M24G_ses-20240917T121247_icephys.nwb,sub-M24G_ses-20240917T121247_icephys.nwb,size
1799893,data\updated_nwbs\A23\1799893.nwb,001776\sub-A23W\sub-A23W_ses-20220620T204034_icephys.nwb,sub-A23W_ses-20220620T204034_icephys.nwb,size
1810906,data\updated_nwbs\A35\1810906.nwb,001776\sub-A35W\sub-A35W_ses-20230804T014734_icephys.nwb,sub-A35W_ses-20230804T014734_icephys.nwb,size
1823609,data\updated_nwbs\A11\1823609.nwb,001776\sub-A11W\sub-A11W_ses-20210607T170944_icephys.nwb,sub-A11W_ses-20210607T170944_icephys.nwb,size
1832669,data\updated_nwbs\M16\1832669.nwb,001776\sub-M16G\sub-M16G_ses-20220420T143312_icephys.nwb,sub-M16G_ses-20220420T143312_icephys.nwb,size
1860444,data\updated_nwbs\M17\1860444.nwb,001776\sub-M17W\sub-M17W_ses-20210226T211731_icephys.nwb,sub-M17W_ses-20210226T211731_icephys.nwb,size
1889664,data\updated_nwbs\M27\1889664.nwb,001776\sub-M27G\sub-M27G_ses-20250625T125653_obj-1vi2giz_icephys.nwb,sub-M27G_ses-20250625T125653_obj-1vi2giz_icephys.nwb,size
1921204,data\updated_nwbs\A32\1921204.nwb,001776\sub-A32W\sub-A32W_ses-20230711T192405_icephys.nwb,sub-A32W_ses-20230711T192405_icephys.nwb,size
1959201,data\updated_nwbs\A13\1959201.nwb,001776\sub-A13W\sub-A13W_ses-20210923T175653_icephys.nwb,sub-A13W_ses-20210923T175653_icephys.nwb,size
1992231,data\updated_nwbs\A27\1992231.nwb,001776\sub-A27W\sub-A27W_ses-20220825T205249_icephys.nwb,sub-A27W_ses-20220825T205249_icephys.nwb,size
1997305,data\updated_nwbs\A09\1997305.nwb,001776\sub-A9W\sub-A9W_ses-20210311T222407_icephys.nwb,sub-A9W_ses-20210311T222407_icephys.nwb,size
2045707,data\updated_nwbs\A13\2045707.nwb,001776\sub-A13W\sub-A13W_ses-20210923T173049_icephys.nwb,sub-A13W_ses-20210923T173049_icephys.nwb,size
2054627,data\updated_nwbs\M21\2054627.nwb,001776\sub-M21G\sub-M21G_ses-20240503T190553_icephys.nwb,sub-M21G_ses-20240503T190553_icephys.nwb,size
2064093,data\updated_nwbs\M25\2064093.nwb,001776\sub-M25G\sub-M25G_ses-20241024T161613_icephys.nwb,sub-M25G_ses-20241024T161613_icephys.nwb,size
2064307,data\updated_nwbs\A12\2064307.nwb,001776\sub-A12W\sub-A12W_ses-20210804T170544_icephys.nwb,sub-A12W_ses-20210804T170544_icephys.nwb,size
2067645,data\updated_nwbs\A28\2067645.nwb,001776\sub-A28W\sub-A28W_ses-20221212T154629_icephys.nwb,sub-A28W_ses-20221212T154629_icephys.nwb,size
2077876,data\updated_nwbs\M26\2077876.nwb,001776\sub-M26G\sub-M26G_ses-20241128T124247_icephys.nwb,sub-M26G_ses-20241128T124247_icephys.nwb,size
2086859,data\updated_nwbs\M06\2086859.nwb,001776\sub-M06G\sub-M06G_ses-20220222T115523_icephys.nwb,sub-M06G_ses-20220222T115523_icephys.nwb,size
2119913,data\updated_nwbs\A14\2119913.nwb,001776\sub-A14W\sub-A14W_ses-20211007T210010_icephys.nwb,sub-A14W_ses-20211007T210010_icephys.nwb,size
2134188,data\updated_nwbs\A28\2134188.nwb,001776\sub-A28W\sub-A28W_ses-20221212T182724_icephys.nwb,sub-A28W_ses-20221212T182724_icephys.nwb,size
2220270,data\updated_nwbs\A09\2220270.nwb,001776\sub-A9W\sub-A9W_ses-20210311T225319_icephys.nwb,sub-A9W_ses-20210311T225319_icephys.nwb,size
2224007,data\updated_nwbs\M17\2224007.nwb,001776\sub-M17W\sub-M17W_ses-20210226T162348_icephys.nwb,sub-M17W_ses-20210226T162348_icephys.nwb,size
2230933,data\updated_nwbs\M05\2230933.nwb,001776\sub-M05G\sub-M05G_ses-20220215T122034_obj-1r7lew1_icephys.nwb,sub-M05G_ses-20220215T122034_obj-1r7lew1_icephys.nwb,size
2256046,data\updated_nwbs\M24\2256046.nwb,001776\sub-M24G\sub-M24G_ses-20240917T115014_obj-10tvvoy_icephys.nwb,sub-M24G_ses-20240917T115014_obj-10tvvoy_icephys.nwb,size
2256851,data\updated_nwbs\M28\2256851.nwb,001776\sub-M28G\sub-M28G_ses-20250709T120135_obj-1ifipw6_icephys.nwb,sub-M28G_ses-20250709T120135_obj-1ifipw6_icephys.nwb,size
2300766,data\updated_nwbs\A34\2300766.nwb,001776\sub-A34W\sub-A34W_ses-20230717T165133_icephys.nwb,sub-A34W_ses-20230717T165133_icephys.nwb,size
2304088,data\updated_nwbs\A24\2304088.nwb,001776\sub-A24W\sub-A24W_ses-20220629T185302_icephys.nwb,sub-A24W_ses-20220629T185302_icephys.nwb,size
2326871,data\updated_nwbs\M18\2326871.nwb,001776\sub-M18G\sub-M18G_ses-20220426T164423_icephys.nwb,sub-M18G_ses-20220426T164423_icephys.nwb,size
2345882,data\updated_nwbs\A23\2345882.nwb,001776\sub-A23W\sub-A23W_ses-20220620T222036_icephys.nwb,sub-A23W_ses-20220620T222036_icephys.nwb,size
2387137,data\updated_nwbs\M07\2387137.nwb,001776\sub-M07G\sub-M07G_ses-20220301T102256_obj-1e508mo_icephys.nwb,sub-M07G_ses-20220301T102256_obj-1e508mo_icephys.nwb,size
2404081,data\updated_nwbs\M18\2404081.nwb,001776\sub-M18G\sub-M18G_ses-20220426T111909_obj-s2ez0q_icephys.nwb,sub-M18G_ses-20220426T111909_obj-s2ez0q_icephys.nwb,size
2409675,data\updated_nwbs\A28\2409675.nwb,001776\sub-A28W\sub-A28W_ses-20221212T211812_icephys.nwb,sub-A28W_ses-20221212T211812_icephys.nwb,size
2434052,data\updated_nwbs\M05\2434052.nwb,001776\sub-M05G\sub-M05G_ses-20220215T122034_obj-1vw3fd_icephys.nwb,sub-M05G_ses-20220215T122034_obj-1vw3fd_icephys.nwb,size
2453109,data\updated_nwbs\M17\2453109.nwb,001776\sub-M17G\sub-M17G_ses-20220425T123059_icephys.nwb,sub-M17G_ses-20220425T123059_icephys.nwb,size
2459556,data\updated_nwbs\A33\2459556.nwb,001776\sub-A33W\sub-A33W_ses-20230714T172242_icephys.nwb,sub-A33W_ses-20230714T172242_icephys.nwb,size
2472556,data\updated_nwbs\M25\2472556.nwb,001776\sub-M25G\sub-M25G_ses-20241024T114740_obj-1b6mx03_icephys.nwb,sub-M25G_ses-20241024T114740_obj-1b6mx03_icephys.nwb,size
2477799,data\updated_nwbs\M25\2477799.nwb,001776\sub-M25G\sub-M25G_ses-20241024T201233_icephys.nwb,sub-M25G_ses-20241024T201233_icephys.nwb,size
2478387,data\updated_nwbs\A32\2478387.nwb,001776\sub-A32W\sub-A32W_ses-20230711T165740_icephys.nwb,sub-A32W_ses-20230711T165740_icephys.nwb,size
2508546,data\updated_nwbs\M17\2508546.nwb,001776\sub-M17G\sub-M17G_ses-20220425T125702_obj-1xapfvz_icephys.nwb,sub-M17G_ses-20220425T125702_obj-1xapfvz_icephys.nwb,size
2557141,data\updated_nwbs\A24\2557141.nwb,001776\sub-A24W\sub-A24W_ses-20220629T133947_icephys.nwb,sub-A24W_ses-20220629T133947_icephys.nwb,size
2562708,data\updated_nwbs\M15\2562708.nwb,001776\sub-M15G\sub-M15G_ses-20220419T170253_icephys.nwb,sub-M15G_ses-20220419T170253_icephys.nwb,size
2569593,data\updated_nwbs\M09\2569593.nwb,001776\sub-M09G\sub-M09G_ses-20220315T124942_icephys.nwb,sub-M09G_ses-20220315T124942_icephys.nwb,size
2581526,data\updated_nwbs\A12\2581526.nwb,001776\sub-A12W\sub-A12W_ses-20210804T151914_icephys.nwb,sub-A12W_ses-20210804T151914_icephys.nwb,size
2582541,data\updated_nwbs\A33\2582541.nwb,001776\sub-A33W\sub-A33W_ses-20230714T201643_icephys.nwb,sub-A33W_ses-20230714T201643_icephys.nwb,size
2582553,data\updated_nwbs\M08\2582553.nwb,001776\sub-M08G\sub-M08G_ses-20220803T153449_icephys.nwb,sub-M08G_ses-20220803T153449_icephys.nwb,size
2599625,data\updated_nwbs\M20\2599625.nwb,001776\sub-M20G\sub-M20G_ses-20240123T115949_obj-1vpr3i6_icephys.nwb,sub-M20G_ses-20240123T115949_obj-1vpr3i6_icephys.nwb,size
2617728,data\updated_nwbs\M17\2617728.nwb,001776\sub-M17G\sub-M17G_ses-20220425T145953_icephys.nwb,sub-M17G_ses-20220425T145953_icephys.nwb,size
2622882,data\updated_nwbs\M04\2622882.nwb,001776\sub-M04G\sub-M04G_ses-20220802T152527_icephys.nwb,sub-M04G_ses-20220802T152527_icephys.nwb,size
2661394,data\updated_nwbs\M05\2661394.nwb,001776\sub-M05G\sub-M05G_ses-20220215T122034_obj-1fwf3bz_icephys.nwb,sub-M05G_ses-20220215T122034_obj-1fwf3bz_icephys.nwb,size
2671993,data\updated_nwbs\M21\2671993.nwb,001776\sub-M21G\sub-M21G_ses-20240503T182458_icephys.nwb,sub-M21G_ses-20240503T182458_icephys.nwb,size
2674359,data\updated_nwbs\M27\2674359.nwb,001776\sub-M27G\sub-M27G_ses-20250624T190146_icephys.nwb,sub-M27G_ses-20250624T190146_icephys.nwb,size
2679532,data\updated_nwbs\M20\2679532.nwb,001776\sub-M20G\sub-M20G_ses-20240123T115949_obj-y9ll6r_icephys.nwb,sub-M20G_ses-20240123T115949_obj-y9ll6r_icephys.nwb,size
2689871,data\updated_nwbs\M27\2689871.nwb,001776\sub-M27G\sub-M27G_ses-20250624T120927_obj-gwvpas_icephys.nwb,sub-M27G_ses-20250624T120927_obj-gwvpas_icephys.nwb,size
2694169,data\updated_nwbs\A14\2694169.nwb,001776\sub-A14W\sub-A14W_ses-20211007T215457_icephys.nwb,sub-A14W_ses-20211007T215457_icephys.nwb,size
2695494,data\updated_nwbs\M23\2695494.nwb,001776\sub-M23G\sub-M23G_ses-20240406T202416_icephys.nwb,sub-M23G_ses-20240406T202416_icephys.nwb,size
2715975,data\updated_nwbs\A16\2715975.nwb,001776\sub-A16W\sub-A16W_ses-20211118T175654_icephys.nwb,sub-A16W_ses-20211118T175654_icephys.nwb,size
2722810,data\updated_nwbs\M27\2722810.nwb,001776\sub-M27G\sub-M27G_ses-20250625T123321_icephys.nwb,sub-M27G_ses-20250625T123321_icephys.nwb,size
2733591,data\updated_nwbs\M17\2733591.nwb,001776\sub-M17W\sub-M17W_ses-20210226T234620_icephys.nwb,sub-M17W_ses-20210226T234620_icephys.nwb,size
2743813,data\updated_nwbs\A11\2743813.nwb,001776\sub-A11W\sub-A11W_ses-20210607T222507_icephys.nwb,sub-A11W_ses-20210607T222507_icephys.nwb,size
2765173,data\updated_nwbs\M03\2765173.nwb,001776\sub-M03G\sub-M03G_ses-20220126T170001_icephys.nwb,sub-M03G_ses-20220126T170001_icephys.nwb,size
2771075,data\updated_nwbs\A24\2771075.nwb,001776\sub-A24W\sub-A24W_ses-20220629T162427_icephys.nwb,sub-A24W_ses-20220629T162427_icephys.nwb,size
2790228,data\updated_nwbs\M23\2790228.nwb,001776\sub-M23G\sub-M23G_ses-20240406T143102_icephys.nwb,sub-M23G_ses-20240406T143102_icephys.nwb,size
2813128,data\updated_nwbs\M16\2813128.nwb,001776\sub-M16G\sub-M16G_ses-20220420T172301_icephys.nwb,sub-M16G_ses-20220420T172301_icephys.nwb,size
2830122,data\updated_nwbs\A19\2830122.nwb,001776\sub-A19W\sub-A19W_ses-20220324T151409_icephys.nwb,sub-A19W_ses-20220324T151409_icephys.nwb,size
2848919,data\updated_nwbs\A20\2848919.nwb,001776\sub-A20W\sub-A20W_ses-20220421T191423_icephys.nwb,sub-A20W_ses-20220421T191423_icephys.nwb,size
2849056,data\updated_nwbs\M28\2849056.nwb,001776\sub-M28G\sub-M28G_ses-20250709T120135_obj-30pfvg_icephys.nwb,sub-M28G_ses-20250709T120135_obj-30pfvg_icephys.nwb,size
2857733,data\updated_nwbs\M02\2857733.nwb,001776\sub-M02G\sub-M02G_ses-20220125T140118_obj-7e8od0_icephys.nwb,sub-M02G_ses-20220125T140118_obj-7e8od0_icephys.nwb,size
2889216,data\updated_nwbs\M28\2889216.nwb,001776\sub-M28G\sub-M28G_ses-20250709T120135_obj-621ji4_icephys.nwb,sub-M28G_ses-20250709T120135_obj-621ji4_icephys.nwb,size
2904781,data\updated_nwbs\M28\2904781.nwb,001776\sub-M28G\sub-M28G_ses-20250709T120135_obj-1pmzqb3_icephys.nwb,sub-M28G_ses-20250709T120135_obj-1pmzqb3_icephys.nwb,size
2905002,data\updated_nwbs\M08\2905002.nwb,001776\sub-M08G\sub-M08G_ses-20220803T161347_icephys.nwb,sub-M08G_ses-20220803T161347_icephys.nwb,size
2907607,data\updated_nwbs\M24\2907607.nwb,001776\sub-M24G\sub-M24G_ses-20240917T115014_obj-1ppzdml_icephys.nwb,sub-M24G_ses-20240917T115014_obj-1ppzdml_icephys.nwb,size
2931813,data\updated_nwbs\A09\2931813.nwb,001776\sub-A9W\sub-A9W_ses-20210311T202457_icephys.nwb,sub-A9W_ses-20210311T202457_icephys.nwb,size
2979393,data\updated_nwbs\M27\2979393.nwb,001776\sub-M27G\sub-M27G_ses-20250624T120927_obj-1tyi4jv_icephys.nwb,sub-M27G_ses-20250624T120927_obj-1tyi4jv_icephys.nwb,size
2994631,data\updated_nwbs\A32\2994631.nwb,001776\sub-A32W\sub-A32W_ses-20230711T181434_icephys.nwb,sub-A32W_ses-20230711T181434_icephys.nwb,size
3016777,data\updated_nwbs\A13\3016777.nwb,001776\sub-A13W\sub-A13W_ses-20210923T145044_icephys.nwb,sub-A13W_ses-20210923T145044_icephys.nwb,size
3023221,data\updated_nwbs\M25\3023221.nwb,001776\sub-M25G\sub-M25G_ses-20241024T205522_icephys.nwb,sub-M25G_ses-20241024T205522_icephys.nwb,size
3028495,data\updated_nwbs\A19\3028495.nwb,001776\sub-A19W\sub-A19W_ses-20220324T164504_icephys.nwb,sub-A19W_ses-20220324T164504_icephys.nwb,size
3064307,data\updated_nwbs\M22\3064307.nwb,001776\sub-M22G\sub-M22G_ses-20240416T125914_obj-10da8yw_icephys.nwb,sub-M22G_ses-20240416T125914_obj-10da8yw_icephys.nwb,size
3066104,data\updated_nwbs\M17\3066104.nwb,001776\sub-M17W\sub-M17W_ses-20210226T182735_icephys.nwb,sub-M17W_ses-20210226T182735_icephys.nwb,size
3066435,data\updated_nwbs\M17\3066435.nwb,001776\sub-M17W\sub-M17W_ses-20210226T202018_icephys.nwb,sub-M17W_ses-20210226T202018_icephys.nwb,size
3074461,data\updated_nwbs\A21\3074461.nwb,001776\sub-A21W\sub-A21W_ses-20220503T224733_icephys.nwb,sub-A21W_ses-20220503T224733_icephys.nwb,size
3091170,data\updated_nwbs\A28\3091170.nwb,001776\sub-A28W\sub-A28W_ses-20221212T174651_icephys.nwb,sub-A28W_ses-20221212T174651_icephys.nwb,size
3224863,data\updated_nwbs\M02\3224863.nwb,001776\sub-M02G\sub-M02G_ses-20220125T140118_obj-1lqrbci_icephys.nwb,sub-M02G_ses-20220125T140118_obj-1lqrbci_icephys.nwb,size
3248905,data\updated_nwbs\A12\3248905.nwb,001776\sub-A12W\sub-A12W_ses-20210804T185930_icephys.nwb,sub-A12W_ses-20210804T185930_icephys.nwb,size
3250640,data\updated_nwbs\M24\3250640.nwb,001776\sub-M24G\sub-M24G_ses-20240917T125601_icephys.nwb,sub-M24G_ses-20240917T125601_icephys.nwb,size
3297243,data\updated_nwbs\A12\3297243.nwb,001776\sub-A12W\sub-A12W_ses-20210804T144553_icephys.nwb,sub-A12W_ses-20210804T144553_icephys.nwb,size
3302578,data\updated_nwbs\M17\3302578.nwb,001776\sub-M17G\sub-M17G_ses-20220425T172847_icephys.nwb,sub-M17G_ses-20220425T172847_icephys.nwb,size
3304137,data\updated_nwbs\M28\3304137.nwb,001776\sub-M28G\sub-M28G_ses-20250709T120135_obj-1vvt45y_icephys.nwb,sub-M28G_ses-20250709T120135_obj-1vvt45y_icephys.nwb,size
3315129,data\updated_nwbs\A35\3315129.nwb,001776\sub-A35W\sub-A35W_ses-20230803T195724_icephys.nwb,sub-A35W_ses-20230803T195724_icephys.nwb,size
3339033,data\updated_nwbs\A32\3339033.nwb,001776\sub-A32W\sub-A32W_ses-20230711T194709_icephys.nwb,sub-A32W_ses-20230711T194709_icephys.nwb,size
3341403,data\updated_nwbs\M05\3341403.nwb,001776\sub-M05G\sub-M05G_ses-20220215T164627_icephys.nwb,sub-M05G_ses-20220215T164627_icephys.nwb,size
3350005,data\updated_nwbs\M04\3350005.nwb,001776\sub-M04G\sub-M04G_ses-20220208T115657_obj-mo7umv_icephys.nwb,sub-M04G_ses-20220208T115657_obj-mo7umv_icephys.nwb,size
3354805,data\updated_nwbs\A33\3354805.nwb,001776\sub-A33W\sub-A33W_ses-20230714T212306_icephys.nwb,sub-A33W_ses-20230714T212306_icephys.nwb,size
3376343,data\updated_nwbs\M06\3376343.nwb,001776\sub-M06G\sub-M06G_ses-20220222T164207_icephys.nwb,sub-M06G_ses-20220222T164207_icephys.nwb,size
3377907,data\updated_nwbs\M18\3377907.nwb,001776\sub-M18G\sub-M18G_ses-20220426T111909_obj-1fy73q7_icephys.nwb,sub-M18G_ses-20220426T111909_obj-1fy73q7_icephys.nwb,size
3379958,data\updated_nwbs\M05\3379958.nwb,001776\sub-M05G\sub-M05G_ses-20220215T161510_icephys.nwb,sub-M05G_ses-20220215T161510_icephys.nwb,size
3384013,data\updated_nwbs\M19\3384013.nwb,001776\sub-M19G\sub-M19G_ses-20230118T110043_obj-1vxw6wl_icephys.nwb,sub-M19G_ses-20230118T110043_obj-1vxw6wl_icephys.nwb,size
3388496,data\updated_nwbs\M17\3388496.nwb,001776\sub-M17G\sub-M17G_ses-20220425T125702_obj-mduhjf_icephys.nwb,sub-M17G_ses-20220425T125702_obj-mduhjf_icephys.nwb,size
3421452,data\updated_nwbs\M23\3421452.nwb,001776\sub-M23G\sub-M23G_ses-20240406T193228_icephys.nwb,sub-M23G_ses-20240406T193228_icephys.nwb,size
3449571,data\updated_nwbs\A18\3449571.nwb,001776\sub-A18W\sub-A18W_ses-20220112T153619_icephys.nwb,sub-A18W_ses-20220112T153619_icephys.nwb,size
3467347,data\updated_nwbs\A24\3467347.nwb,001776\sub-A24W\sub-A24W_ses-20220629T173537_icephys.nwb,sub-A24W_ses-20220629T173537_icephys.nwb,size
3497250,data\updated_nwbs\M09\3497250.nwb,001776\sub-M09G\sub-M09G_ses-20220315T142927_obj-3u5474_icephys.nwb,sub-M09G_ses-20220315T142927_obj-3u5474_icephys.nwb,size
3528757,data\updated_nwbs\M20\3528757.nwb,001776\sub-M20G\sub-M20G_ses-20240123T164039_icephys.nwb,sub-M20G_ses-20240123T164039_icephys.nwb,size
3560620,data\updated_nwbs\M20\3560620.nwb,001776\sub-M20G\sub-M20G_ses-20240123T115949_obj-155eiqg_icephys.nwb,sub-M20G_ses-20240123T115949_obj-155eiqg_icephys.nwb,size
3564547,data\updated_nwbs\M08\3564547.nwb,001776\sub-M08G\sub-M08G_ses-20220803T181744_icephys.nwb,sub-M08G_ses-20220803T181744_icephys.nwb,size
3579341,data\updated_nwbs\A33\3579341.nwb,001776\sub-A33W\sub-A33W_ses-20230714T165506_icephys.nwb,sub-A33W_ses-20230714T165506_icephys.nwb,size
3603737,data\updated_nwbs\M17\3603737.nwb,001776\sub-M17W\sub-M17W_ses-20210227T012819_icephys.nwb,sub-M17W_ses-20210227T012819_icephys.nwb,size
3612493,data\updated_nwbs\A15\3612493.nwb,001776\sub-A15W\sub-A15W_ses-20211112T223806_icephys.nwb,sub-A15W_ses-20211112T223806_icephys.nwb,size
3635909,data\updated_nwbs\M27\3635909.nwb,001776\sub-M27G\sub-M27G_ses-20250624T195025_icephys.nwb,sub-M27G_ses-20250624T195025_icephys.nwb,size
3641055,data\updated_nwbs\M17\3641055.nwb,001776\sub-M17G\sub-M17G_ses-20220425T130741_icephys.nwb,sub-M17G_ses-20220425T130741_icephys.nwb,size
3660515,data\updated_nwbs\M28\3660515.nwb,001776\sub-M28G\sub-M28G_ses-20250709T124759_obj-1w916mm_icephys.nwb,sub-M28G_ses-20250709T124759_obj-1w916mm_icephys.nwb,size
3667689,data\updated_nwbs\M07\3667689.nwb,001776\sub-M07G\sub-M07G_ses-20220103T141022_icephys.nwb,sub-M07G_ses-20220103T141022_icephys.nwb,size
3680103,data\updated_nwbs\A19\3680103.nwb,001776\sub-A19W\sub-A19W_ses-20220324T232316_icephys.nwb,sub-A19W_ses-20220324T232316_icephys.nwb,size
3692362,data\updated_nwbs\A13\3692362.nwb,001776\sub-A13W\sub-A13W_ses-20210923T211546_icephys.nwb,sub-A13W_ses-20210923T211546_icephys.nwb,size
3712529,data\updated_nwbs\M26\3712529.nwb,001776\sub-M26G\sub-M26G_ses-20241128T115946_obj-e0oll9_icephys.nwb,sub-M26G_ses-20241128T115946_obj-e0oll9_icephys.nwb,size
3724062,data\updated_nwbs\A33\3724062.nwb,001776\sub-A33W\sub-A33W_ses-20230714T203400_icephys.nwb,sub-A33W_ses-20230714T203400_icephys.nwb,size
3780019,data\updated_nwbs\A24\3780019.nwb,001776\sub-A24W\sub-A24W_ses-20220629T200610_icephys.nwb,sub-A24W_ses-20220629T200610_icephys.nwb,size
3792554,data\updated_nwbs\M16\3792554.nwb,001776\sub-M16G\sub-M16G_ses-20220420T163553_icephys.nwb,sub-M16G_ses-20220420T163553_icephys.nwb,size
3798643,data\updated_nwbs\M16\3798643.nwb,001776\sub-M16G\sub-M16G_ses-20220420T182820_icephys.nwb,sub-M16G_ses-20220420T182820_icephys.nwb,size
3816480,data\updated_nwbs\A14\3816480.nwb,001776\sub-A14W\sub-A14W_ses-20211007T182838_icephys.nwb,sub-A14W_ses-20211007T182838_icephys.nwb,size
3842254,data\updated_nwbs\A14\3842254.nwb,001776\sub-A14W\sub-A14W_ses-20211008T003449_icephys.nwb,sub-A14W_ses-20211008T003449_icephys.nwb,size
3857039,data\updated_nwbs\A25\3857039.nwb,001776\sub-A25W\sub-A25W_ses-20220803T175421_icephys.nwb,sub-A25W_ses-20220803T175421_icephys.nwb,size
3872901,data\updated_nwbs\M25\3872901.nwb,001776\sub-M25G\sub-M25G_ses-20241024T165534_icephys.nwb,sub-M25G_ses-20241024T165534_icephys.nwb,size
3889052,data\updated_nwbs\M06\3889052.nwb,001776\sub-M06G\sub-M06G_ses-20220222T123025_obj-1l7h0fh_icephys.nwb,sub-M06G_ses-20220222T123025_obj-1l7h0fh_icephys.nwb,size
3896097,data\updated_nwbs\A12\3896097.nwb,001776\sub-A12W\sub-A12W_ses-20210804T171531_icephys.nwb,sub-A12W_ses-20210804T171531_icephys.nwb,size
3901487,data\updated_nwbs\M13\3901487.nwb,001776\sub-M13G\sub-M13G_ses-20220405T105116_obj-1f3kqm0_icephys.nwb,sub-M13G_ses-20220405T105116_obj-1f3kqm0_icephys.nwb,size
3903143,data\updated_nwbs\M18\3903143.nwb,001776\sub-M18G\sub-M18G_ses-20220426T144923_icephys.nwb,sub-M18G_ses-20220426T144923_icephys.nwb,size
3911070,data\updated_nwbs\M08\3911070.nwb,001776\sub-M08G\sub-M08G_ses-20220803T160441_icephys.nwb,sub-M08G_ses-20220803T160441_icephys.nwb,size
3929733,data\updated_nwbs\M14\3929733.nwb,001776\sub-M14G\sub-M14G_ses-20221204T164051_icephys.nwb,sub-M14G_ses-20221204T164051_icephys.nwb,size
3931422,data\updated_nwbs\M07\3931422.nwb,001776\sub-M07G\sub-M07G_ses-20220103T184310_icephys.nwb,sub-M07G_ses-20220103T184310_icephys.nwb,size
3935357,data\updated_nwbs\M28\3935357.nwb,001776\sub-M28G\sub-M28G_ses-20250907T161718_icephys.nwb,sub-M28G_ses-20250907T161718_icephys.nwb,size
3959942,data\updated_nwbs\A22\3959942.nwb,001776\sub-A22W\sub-A22W_ses-20220617T151357_icephys.nwb,sub-A22W_ses-20220617T151357_icephys.nwb,size
3991047,data\updated_nwbs\M16\3991047.nwb,001776\sub-M16G\sub-M16G_ses-20220420T121747_obj-goz8r3_icephys.nwb,sub-M16G_ses-20220420T121747_obj-goz8r3_icephys.nwb,size
4003831,data\updated_nwbs\A15\4003831.nwb,001776\sub-A15W\sub-A15W_ses-20211112T154233_icephys.nwb,sub-A15W_ses-20211112T154233_icephys.nwb,size
4019570,data\updated_nwbs\M28\4019570.nwb,001776\sub-M28G\sub-M28G_ses-20250709T120135_obj-o7n532_icephys.nwb,sub-M28G_ses-20250709T120135_obj-o7n532_icephys.nwb,size
4079738,data\updated_nwbs\M24\4079738.nwb,001776\sub-M24G\sub-M24G_ses-20240917T154928_icephys.nwb,sub-M24G_ses-20240917T154928_icephys.nwb,size
4134681,data\updated_nwbs\A18\4134681.nwb,001776\sub-A18W\sub-A18W_ses-20220112T165222_icephys.nwb,sub-A18W_ses-20220112T165222_icephys.nwb,size
4168587,data\updated_nwbs\A32\4168587.nwb,001776\sub-A32W\sub-A32W_ses-20230711T142602_icephys.nwb,sub-A32W_ses-20230711T142602_icephys.nwb,size
4180750,data\updated_nwbs\M27\4180750.nwb,001776\sub-M27G\sub-M27G_ses-20250625T125653_obj-dzq50o_icephys.nwb,sub-M27G_ses-20250625T125653_obj-dzq50o_icephys.nwb,size
4203747,data\updated_nwbs\M23\4203747.nwb,001776\sub-M23G\sub-M23G_ses-20240604T121756_obj-1fwow0r_icephys.nwb,sub-M23G_ses-20240604T121756_obj-1fwow0r_icephys.nwb,size
4208668,data\updated_nwbs\M21\4208668.nwb,001776\sub-M21G\sub-M21G_ses-20240503T170436_icephys.nwb,sub-M21G_ses-20240503T170436_icephys.nwb,size
4214127,data\updated_nwbs\M21\4214127.nwb,001776\sub-M21G\sub-M21G_ses-20240503T141031_icephys.nwb,sub-M21G_ses-20240503T141031_icephys.nwb,size
4281662,data\updated_nwbs\M26\4281662.nwb,001776\sub-M26G\sub-M26G_ses-20241128T115946_obj-1c5ev17_icephys.nwb,sub-M26G_ses-20241128T115946_obj-1c5ev17_icephys.nwb,size
4322643,data\updated_nwbs\A23\4322643.nwb,001776\sub-A23W\sub-A23W_ses-20220620T160342_icephys.nwb,sub-A23W_ses-20220620T160342_icephys.nwb,size
4341326,data\updated_nwbs\M23\4341326.nwb,001776\sub-M23G\sub-M23G_ses-20240406T204529_icephys.nwb,sub-M23G_ses-20240406T204529_icephys.nwb,size
4350685,data\updated_nwbs\A35\4350685.nwb,001776\sub-A35W\sub-A35W_ses-20230803T154238_icephys.nwb,sub-A35W_ses-20230803T154238_icephys.nwb,size
4369645,data\updated_nwbs\M19\4369645.nwb,001776\sub-M19G\sub-M19G_ses-20230118T113704_icephys.nwb,sub-M19G_ses-20230118T113704_icephys.nwb,size
4401384,data\updated_nwbs\M08\4401384.nwb,001776\sub-M08G\sub-M08G_ses-20220308T143942_obj-1aakref_icephys.nwb,sub-M08G_ses-20220308T143942_obj-1aakref_icephys.nwb,size
4427352,data\updated_nwbs\M17\4427352.nwb,001776\sub-M17G\sub-M17G_ses-20220425T141311_icephys.nwb,sub-M17G_ses-20220425T141311_icephys.nwb,size
4491403,data\updated_nwbs\M17\4491403.nwb,001776\sub-M17W\sub-M17W_ses-20210226T143410_icephys.nwb,sub-M17W_ses-20210226T143410_icephys.nwb,size
4493404,data\updated_nwbs\A15\4493404.nwb,001776\sub-A15W\sub-A15W_ses-20211112T205546_icephys.nwb,sub-A15W_ses-20211112T205546_icephys.nwb,size
4501897,data\updated_nwbs\M16\4501897.nwb,001776\sub-M16G\sub-M16G_ses-20220420T121747_obj-j89gd2_icephys.nwb,sub-M16G_ses-20220420T121747_obj-j89gd2_icephys.nwb,size
4503844,data\updated_nwbs\A22\4503844.nwb,001776\sub-A22W\sub-A22W_ses-20220617T163323_icephys.nwb,sub-A22W_ses-20220617T163323_icephys.nwb,size
4554050,data\updated_nwbs\M03\4554050.nwb,001776\sub-M03G\sub-M03G_ses-20220126T150725_obj-1vsqq70_icephys.nwb,sub-M03G_ses-20220126T150725_obj-1vsqq70_icephys.nwb,size
4570797,data\updated_nwbs\M19\4570797.nwb,001776\sub-M19G\sub-M19G_ses-20230118T122015_icephys.nwb,sub-M19G_ses-20230118T122015_icephys.nwb,size
4573377,data\updated_nwbs\A22\4573377.nwb,001776\sub-A22W\sub-A22W_ses-20220617T214040_icephys.nwb,sub-A22W_ses-20220617T214040_icephys.nwb,size
4594354,data\updated_nwbs\M14\4594354.nwb,001776\sub-M14G\sub-M14G_ses-20221204T171542_icephys.nwb,sub-M14G_ses-20221204T171542_icephys.nwb,size
4655395,data\updated_nwbs\A22\4655395.nwb,001776\sub-A22W\sub-A22W_ses-20220617T152721_icephys.nwb,sub-A22W_ses-20220617T152721_icephys.nwb,size
4671102,data\updated_nwbs\M20\4671102.nwb,001776\sub-M20G\sub-M20G_ses-20240123T115949_obj-16zkari_icephys.nwb,sub-M20G_ses-20240123T115949_obj-16zkari_icephys.nwb,size
4691731,data\updated_nwbs\M23\4691731.nwb,001776\sub-M23G\sub-M23G_ses-20240604T121756_obj-1ybpjzl_icephys.nwb,sub-M23G_ses-20240604T121756_obj-1ybpjzl_icephys.nwb,size
4735845,data\updated_nwbs\M18\4735845.nwb,001776\sub-M18G\sub-M18G_ses-20220426T111909_obj-1g3ioq2_icephys.nwb,sub-M18G_ses-20220426T111909_obj-1g3ioq2_icephys.nwb,size
4739296,data\updated_nwbs\M23\4739296.nwb,001776\sub-M23G\sub-M23G_ses-20240406T150758_icephys.nwb,sub-M23G_ses-20240406T150758_icephys.nwb,size
4765338,data\updated_nwbs\A20\4765338.nwb,001776\sub-A20W\sub-A20W_ses-20220421T170422_icephys.nwb,sub-A20W_ses-20220421T170422_icephys.nwb,size
4767932,data\updated_nwbs\M19\4767932.nwb,001776\sub-M19G\sub-M19G_ses-20230118T172921_icephys.nwb,sub-M19G_ses-20230118T172921_icephys.nwb,size
4773273,data\updated_nwbs\A21\4773273.nwb,001776\sub-A21W\sub-A21W_ses-20220503T171202_icephys.nwb,sub-A21W_ses-20220503T171202_icephys.nwb,size
4810929,data\updated_nwbs\A19\4810929.nwb,001776\sub-A19W\sub-A19W_ses-20220325T000954_icephys.nwb,sub-A19W_ses-20220325T000954_icephys.nwb,size
4839096,data\updated_nwbs\A12\4839096.nwb,001776\sub-A12W\sub-A12W_ses-20210804T204004_icephys.nwb,sub-A12W_ses-20210804T204004_icephys.nwb,size
4893939,data\updated_nwbs\M06\4893939.nwb,001776\sub-M06G\sub-M06G_ses-20220222T144813_icephys.nwb,sub-M06G_ses-20220222T144813_icephys.nwb,size
4894567,data\updated_nwbs\M23\4894567.nwb,001776\sub-M23G\sub-M23G_ses-20240604T121756_obj-1rsrmn4_icephys.nwb,sub-M23G_ses-20240604T121756_obj-1rsrmn4_icephys.nwb,size
4902726,data\updated_nwbs\M25\4902726.nwb,001776\sub-M25G\sub-M25G_ses-20241024T114740_obj-1dix89p_icephys.nwb,sub-M25G_ses-20241024T114740_obj-1dix89p_icephys.nwb,size
4906109,data\updated_nwbs\M04\4906109.nwb,001776\sub-M04G\sub-M04G_ses-20220802T174948_icephys.nwb,sub-M04G_ses-20220802T174948_icephys.nwb,size
4923180,data\updated_nwbs\M17\4923180.nwb,001776\sub-M17W\sub-M17W_ses-20210226T170819_icephys.nwb,sub-M17W_ses-20210226T170819_icephys.nwb,size
4935108,data\updated_nwbs\A15\4935108.nwb,001776\sub-A15W\sub-A15W_ses-20211112T143645_icephys.nwb,sub-A15W_ses-20211112T143645_icephys.nwb,size
4937496,data\updated_nwbs\M16\4937496.nwb,001776\sub-M16W\sub-M16W_ses-20210204T213954_icephys.nwb,sub-M16W_ses-20210204T213954_icephys.nwb,size
4946479,data\updated_nwbs\A17\4946479.nwb,001776\sub-A17W\sub-A17W_ses-20211202T171751_icephys.nwb,sub-A17W_ses-20211202T171751_icephys.nwb,size
4952005,data\updated_nwbs\M28\4952005.nwb,001776\sub-M28G\sub-M28G_ses-20250709T120135_obj-ahpbhh_icephys.nwb,sub-M28G_ses-20250709T120135_obj-ahpbhh_icephys.nwb,size
4958691,data\updated_nwbs\M24\4958691.nwb,001776\sub-M24G\sub-M24G_ses-20240917T141100_icephys.nwb,sub-M24G_ses-20240917T141100_icephys.nwb,size
4966007,data\updated_nwbs\M17\4966007.nwb,001776\sub-M17W\sub-M17W_ses-20210226T132304_icephys.nwb,sub-M17W_ses-20210226T132304_icephys.nwb,size
4993744,data\updated_nwbs\A20\4993744.nwb,001776\sub-A20W\sub-A20W_ses-20220421T220230_icephys.nwb,sub-A20W_ses-20220421T220230_icephys.nwb,size
5015770,data\updated_nwbs\M22\5015770.nwb,001776\sub-M22G\sub-M22G_ses-20240416T191545_icephys.nwb,sub-M22G_ses-20240416T191545_icephys.nwb,size
5020625,data\updated_nwbs\M19\5020625.nwb,001776\sub-M19G\sub-M19G_ses-20230118T155907_icephys.nwb,sub-M19G_ses-20230118T155907_icephys.nwb,size
5054941,data\updated_nwbs\M27\5054941.nwb,001776\sub-M27G\sub-M27G_ses-20250624T120927_obj-hqxze6_icephys.nwb,sub-M27G_ses-20250624T120927_obj-hqxze6_icephys.nwb,size
5140339,data\updated_nwbs\M07\5140339.nwb,001776\sub-M07G\sub-M07G_ses-20220103T191337_icephys.nwb,sub-M07G_ses-20220103T191337_icephys.nwb,size
5143869,data\updated_nwbs\A09\5143869.nwb,001776\sub-A9W\sub-A9W_ses-20210311T171942_icephys.nwb,sub-A9W_ses-20210311T171942_icephys.nwb,size
5147358,data\updated_nwbs\M17\5147358.nwb,001776\sub-M17W\sub-M17W_ses-20210227T012358_icephys.nwb,sub-M17W_ses-20210227T012358_icephys.nwb,size
5158848,data\updated_nwbs\A14\5158848.nwb,001776\sub-A14W\sub-A14W_ses-20211007T224822_icephys.nwb,sub-A14W_ses-20211007T224822_icephys.nwb,size
5180264,data\updated_nwbs\M23\5180264.nwb,001776\sub-M23G\sub-M23G_ses-20240604T121756_obj-1b9bmai_icephys.nwb,sub-M23G_ses-20240604T121756_obj-1b9bmai_icephys.nwb,size
5188555,data\updated_nwbs\M17\5188555.nwb,001776\sub-M17G\sub-M17G_ses-20220425T125702_obj-eh0x5n_icephys.nwb,sub-M17G_ses-20220425T125702_obj-eh0x5n_icephys.nwb,size
5198660,data\updated_nwbs\M17\5198660.nwb,001776\sub-M17W\sub-M17W_ses-20210227T010343_icephys.nwb,sub-M17W_ses-20210227T010343_icephys.nwb,size
5205007,data\updated_nwbs\A13\5205007.nwb,001776\sub-A13W\sub-A13W_ses-20210923T185048_icephys.nwb,sub-A13W_ses-20210923T185048_icephys.nwb,size
5287796,data\updated_nwbs\M28\5287796.nwb,001776\sub-M28G\sub-M28G_ses-20250709T124759_obj-eif58c_icephys.nwb,sub-M28G_ses-20250709T124759_obj-eif58c_icephys.nwb,size
5303015,data\updated_nwbs\M03\5303015.nwb,001776\sub-M03G\sub-M03G_ses-20220126T142040_icephys.nwb,sub-M03G_ses-20220126T142040_icephys.nwb,size
5329624,data\updated_nwbs\M24\5329624.nwb,001776\sub-M24G\sub-M24G_ses-20240917T134019_icephys.nwb,sub-M24G_ses-20240917T134019_icephys.nwb,size
5333334,data\updated_nwbs\A33\5333334.nwb,001776\sub-A33W\sub-A33W_ses-20230714T155528_icephys.nwb,sub-A33W_ses-20230714T155528_icephys.nwb,size
5343306,data\updated_nwbs\A12\5343306.nwb,001776\sub-A12W\sub-A12W_ses-20210804T214839_icephys.nwb,sub-A12W_ses-20210804T214839_icephys.nwb,size
5349121,data\updated_nwbs\A25\5349121.nwb,001776\sub-A25W\sub-A25W_ses-20220803T142740_icephys.nwb,sub-A25W_ses-20220803T142740_icephys.nwb,size
5350840,data\updated_nwbs\A13\5350840.nwb,001776\sub-A13W\sub-A13W_ses-20210923T163837_icephys.nwb,sub-A13W_ses-20210923T163837_icephys.nwb,size
5356469,data\updated_nwbs\M07\5356469.nwb,001776\sub-M07G\sub-M07G_ses-20220301T102256_obj-q8ok3b_icephys.nwb,sub-M07G_ses-20220301T102256_obj-q8ok3b_icephys.nwb,size
5356896,data\updated_nwbs\M17\5356896.nwb,001776\sub-M17G\sub-M17G_ses-20220425T185408_icephys.nwb,sub-M17G_ses-20220425T185408_icephys.nwb,size
5385378,data\updated_nwbs\M28\5385378.nwb,001776\sub-M28G\sub-M28G_ses-20250709T124759_obj-u9e71_icephys.nwb,sub-M28G_ses-20250709T124759_obj-u9e71_icephys.nwb,size
5395105,data\updated_nwbs\A16\5395105.nwb,001776\sub-A16W\sub-A16W_ses-20211118T134439_icephys.nwb,sub-A16W_ses-20211118T134439_icephys.nwb,size
5406386,data\updated_nwbs\M13\5406386.nwb,001776\sub-M13G\sub-M13G_ses-20220504T172055_icephys.nwb,sub-M13G_ses-20220504T172055_icephys.nwb,size
5407479,data\updated_nwbs\A19\5407479.nwb,001776\sub-A19W\sub-A19W_ses-20220324T154920_icephys.nwb,sub-A19W_ses-20220324T154920_icephys.nwb,size
5414881,data\updated_nwbs\A24\5414881.nwb,001776\sub-A24W\sub-A24W_ses-20220629T163201_icephys.nwb,sub-A24W_ses-20220629T163201_icephys.nwb,size
5426653,data\updated_nwbs\A29\5426653.nwb,001776\sub-A29W\sub-A29W_ses-20230111T154049_icephys.nwb,sub-A29W_ses-20230111T154049_icephys.nwb,size
5432641,data\updated_nwbs\M24\5432641.nwb,001776\sub-M24G\sub-M24G_ses-20240917T142814_icephys.nwb,sub-M24G_ses-20240917T142814_icephys.nwb,size
5440987,data\updated_nwbs\M14\5440987.nwb,001776\sub-M14G\sub-M14G_ses-20220412T101008_obj-5kpdvd_icephys.nwb,sub-M14G_ses-20220412T101008_obj-5kpdvd_icephys.nwb,size
5443891,data\updated_nwbs\M22\5443891.nwb,001776\sub-M22G\sub-M22G_ses-20240416T125914_obj-8ps0z2_icephys.nwb,sub-M22G_ses-20240416T125914_obj-8ps0z2_icephys.nwb,size
5454786,data\updated_nwbs\M06\5454786.nwb,001776\sub-M06G\sub-M06G_ses-20220222T193452_icephys.nwb,sub-M06G_ses-20220222T193452_icephys.nwb,size
5477724,data\updated_nwbs\M23\5477724.nwb,001776\sub-M23G\sub-M23G_ses-20240406T193520_icephys.nwb,sub-M23G_ses-20240406T193520_icephys.nwb,size
5479665,data\updated_nwbs\M22\5479665.nwb,001776\sub-M22G\sub-M22G_ses-20240416T204101_icephys.nwb,sub-M22G_ses-20240416T204101_icephys.nwb,size
5517321,data\updated_nwbs\A11\5517321.nwb,001776\sub-A11W\sub-A11W_ses-20210607T235925_icephys.nwb,sub-A11W_ses-20210607T235925_icephys.nwb,size
5520540,data\updated_nwbs\M23\5520540.nwb,001776\sub-M23G\sub-M23G_ses-20240406T173400_icephys.nwb,sub-M23G_ses-20240406T173400_icephys.nwb,size
5556968,data\updated_nwbs\M06\5556968.nwb,001776\sub-M06G\sub-M06G_ses-20220222T123025_obj-xhnnn2_icephys.nwb,sub-M06G_ses-20220222T123025_obj-xhnnn2_icephys.nwb,size
5607151,data\updated_nwbs\A14\5607151.nwb,001776\sub-A14W\sub-A14W_ses-20211007T234127_icephys.nwb,sub-A14W_ses-20211007T234127_icephys.nwb,size
5620591,data\updated_nwbs\M24\5620591.nwb,001776\sub-M24G\sub-M24G_ses-20240917T115014_obj-1v7g88t_icephys.nwb,sub-M24G_ses-20240917T115014_obj-1v7g88t_icephys.nwb,size
5655888,data\updated_nwbs\A17\5655888.nwb,001776\sub-A17W\sub-A17W_ses-20211202T193938_icephys.nwb,sub-A17W_ses-20211202T193938_icephys.nwb,size
5707406,data\updated_nwbs\M16\5707406.nwb,001776\sub-M16G\sub-M16G_ses-20220420T121747_obj-1b6h7ck_icephys.nwb,sub-M16G_ses-20220420T121747_obj-1b6h7ck_icephys.nwb,size
5707421,data\updated_nwbs\A25\5707421.nwb,001776\sub-A25W\sub-A25W_ses-20220803T193326_icephys.nwb,sub-A25W_ses-20220803T193326_icephys.nwb,size
5711211,data\updated_nwbs\A35\5711211.nwb,001776\sub-A35W\sub-A35W_ses-20230803T205749_icephys.nwb,sub-A35W_ses-20230803T205749_icephys.nwb,size
5741562,data\updated_nwbs\M25\5741562.nwb,001776\sub-M25G\sub-M25G_ses-20241024T171004_icephys.nwb,sub-M25G_ses-20241024T171004_icephys.nwb,size
5746082,data\updated_nwbs\M04\5746082.nwb,001776\sub-M04G\sub-M04G_ses-20220208T115657_obj-bzxlng_icephys.nwb,sub-M04G_ses-20220208T115657_obj-bzxlng_icephys.nwb,size
5788124,data\updated_nwbs\M23\5788124.nwb,001776\sub-M23G\sub-M23G_ses-20240604T121756_obj-10jbi26_icephys.nwb,sub-M23G_ses-20240604T121756_obj-10jbi26_icephys.nwb,size
5833324,data\updated_nwbs\M28\5833324.nwb,001776\sub-M28G\sub-M28G_ses-20250709T120135_obj-vwt4k6_icephys.nwb,sub-M28G_ses-20250709T120135_obj-vwt4k6_icephys.nwb,size
5854951,data\updated_nwbs\A19\5854951.nwb,001776\sub-A19W\sub-A19W_ses-20220324T203500_icephys.nwb,sub-A19W_ses-20220324T203500_icephys.nwb,size
5866940,data\updated_nwbs\A21\5866940.nwb,001776\sub-A21W\sub-A21W_ses-20220503T204135_icephys.nwb,sub-A21W_ses-20220503T204135_icephys.nwb,size
5925008,data\updated_nwbs\M27\5925008.nwb,001776\sub-M27G\sub-M27G_ses-20250624T114912_icephys.nwb,sub-M27G_ses-20250624T114912_icephys.nwb,size
5950379,data\updated_nwbs\M28\5950379.nwb,001776\sub-M28G\sub-M28G_ses-20250709T120135_obj-11ztcvw_icephys.nwb,sub-M28G_ses-20250709T120135_obj-11ztcvw_icephys.nwb,size
5961157,data\updated_nwbs\M13\5961157.nwb,001776\sub-M13G\sub-M13G_ses-20220504T190240_icephys.nwb,sub-M13G_ses-20220504T190240_icephys.nwb,size
5973103,data\updated_nwbs\M24\5973103.nwb,001776\sub-M24G\sub-M24G_ses-20240917T133451_icephys.nwb,sub-M24G_ses-20240917T133451_icephys.nwb,size
6029241,data\updated_nwbs\M25\6029241.nwb,001776\sub-M25G\sub-M25G_ses-20241024T132606_icephys.nwb,sub-M25G_ses-20241024T132606_icephys.nwb,size
6031139,data\updated_nwbs\M24\6031139.nwb,001776\sub-M24G\sub-M24G_ses-20240917T115014_obj-1q2jw4l_icephys.nwb,sub-M24G_ses-20240917T115014_obj-1q2jw4l_icephys.nwb,size
6055338,data\updated_nwbs\M14\6055338.nwb,001776\sub-M14G\sub-M14G_ses-20221204T184532_icephys.nwb,sub-M14G_ses-20221204T184532_icephys.nwb,size
6088279,data\updated_nwbs\M13\6088279.nwb,001776\sub-M13G\sub-M13G_ses-20220405T105116_obj-xhi783_icephys.nwb,sub-M13G_ses-20220405T105116_obj-xhi783_icephys.nwb,size
6090011,data\updated_nwbs\M03\6090011.nwb,001776\sub-M03G\sub-M03G_ses-20220126T150725_obj-jf3bhv_icephys.nwb,sub-M03G_ses-20220126T150725_obj-jf3bhv_icephys.nwb,size
6119309,data\updated_nwbs\A12\6119309.nwb,001776\sub-A12W\sub-A12W_ses-20210804T134829_icephys.nwb,sub-A12W_ses-20210804T134829_icephys.nwb,size
6167218,data\updated_nwbs\M27\6167218.nwb,001776\sub-M27G\sub-M27G_ses-20250624T121408_icephys.nwb,sub-M27G_ses-20250624T121408_icephys.nwb,size
6168702,data\updated_nwbs\M26\6168702.nwb,001776\sub-M26G\sub-M26G_ses-20241128T115946_obj-1iboocj_icephys.nwb,sub-M26G_ses-20241128T115946_obj-1iboocj_icephys.nwb,size
6195886,data\updated_nwbs\M15\6195886.nwb,001776\sub-M15G\sub-M15G_ses-20220419T123451_obj-1f40yub_icephys.nwb,sub-M15G_ses-20220419T123451_obj-1f40yub_icephys.nwb,size
6246712,data\updated_nwbs\A15\6246712.nwb,001776\sub-A15W\sub-A15W_ses-20211112T164645_icephys.nwb,sub-A15W_ses-20211112T164645_icephys.nwb,size
6303027,data\updated_nwbs\A18\6303027.nwb,001776\sub-A18W\sub-A18W_ses-20220112T155227_icephys.nwb,sub-A18W_ses-20220112T155227_icephys.nwb,size
6316532,data\updated_nwbs\M12\6316532.nwb,001776\sub-M12G\sub-M12G_ses-20220329T181948_icephys.nwb,sub-M12G_ses-20220329T181948_icephys.nwb,size
6340935,data\updated_nwbs\M18\6340935.nwb,001776\sub-M18G\sub-M18G_ses-20220426T161221_icephys.nwb,sub-M18G_ses-20220426T161221_icephys.nwb,size
6350602,data\updated_nwbs\M21\6350602.nwb,001776\sub-M21G\sub-M21G_ses-20240305T105348_obj-rgmsu4_icephys.nwb,sub-M21G_ses-20240305T105348_obj-rgmsu4_icephys.nwb,size
6367273,data\updated_nwbs\A09\6367273.nwb,001776\sub-A9W\sub-A9W_ses-20210311T193449_icephys.nwb,sub-A9W_ses-20210311T193449_icephys.nwb,size
6384271,data\updated_nwbs\M06\6384271.nwb,001776\sub-M06G\sub-M06G_ses-20220222T123025_obj-1ldnm3_icephys.nwb,sub-M06G_ses-20220222T123025_obj-1ldnm3_icephys.nwb,size
6407579,data\updated_nwbs\M09\6407579.nwb,001776\sub-M09G\sub-M09G_ses-20220315T142658_icephys.nwb,sub-M09G_ses-20220315T142658_icephys.nwb,size
6421217,data\updated_nwbs\A15\6421217.nwb,001776\sub-A15W\sub-A15W_ses-20211112T182750_icephys.nwb,sub-A15W_ses-20211112T182750_icephys.nwb,size
6455962,data\updated_nwbs\M09\6455962.nwb,001776\sub-M09G\sub-M09G_ses-20220315T144620_icephys.nwb,sub-M09G_ses-20220315T144620_icephys.nwb,size
6535152,data\updated_nwbs\M28\6535152.nwb,001776\sub-M28G\sub-M28G_ses-20250907T184805_icephys.nwb,sub-M28G_ses-20250907T184805_icephys.nwb,size
6538279,data\updated_nwbs\A11\6538279.nwb,001776\sub-A11W\sub-A11W_ses-20210607T191000_icephys.nwb,sub-A11W_ses-20210607T191000_icephys.nwb,size
6544964,data\updated_nwbs\A12\6544964.nwb,001776\sub-A12W\sub-A12W_ses-20210804T210615_icephys.nwb,sub-A12W_ses-20210804T210615_icephys.nwb,size
6560572,data\updated_nwbs\A24\6560572.nwb,001776\sub-A24W\sub-A24W_ses-20220629T152137_icephys.nwb,sub-A24W_ses-20220629T152137_icephys.nwb,size
6561811,data\updated_nwbs\M24\6561811.nwb,001776\sub-M24G\sub-M24G_ses-20240917T115014_obj-jws8wk_icephys.nwb,sub-M24G_ses-20240917T115014_obj-jws8wk_icephys.nwb,size
6585369,data\updated_nwbs\M18\6585369.nwb,001776\sub-M18G\sub-M18G_ses-20220426T152207_icephys.nwb,sub-M18G_ses-20220426T152207_icephys.nwb,size
6608835,data\updated_nwbs\A21\6608835.nwb,001776\sub-A21W\sub-A21W_ses-20220503T142817_icephys.nwb,sub-A21W_ses-20220503T142817_icephys.nwb,size
6661088,data\updated_nwbs\A19\6661088.nwb,001776\sub-A19W\sub-A19W_ses-20220324T211623_icephys.nwb,sub-A19W_ses-20220324T211623_icephys.nwb,size
6675347,data\updated_nwbs\M17\6675347.nwb,001776\sub-M17G\sub-M17G_ses-20220425T161344_icephys.nwb,sub-M17G_ses-20220425T161344_icephys.nwb,size
6686807,data\updated_nwbs\M07\6686807.nwb,001776\sub-M07G\sub-M07G_ses-20220301T102256_obj-tde6zv_icephys.nwb,sub-M07G_ses-20220301T102256_obj-tde6zv_icephys.nwb,size
6700449,data\updated_nwbs\A22\6700449.nwb,001776\sub-A22W\sub-A22W_ses-20220618T012425_icephys.nwb,sub-A22W_ses-20220618T012425_icephys.nwb,size
6714969,data\updated_nwbs\M21\6714969.nwb,001776\sub-M21G\sub-M21G_ses-20240503T181903_icephys.nwb,sub-M21G_ses-20240503T181903_icephys.nwb,size
6733424,data\updated_nwbs\M05\6733424.nwb,001776\sub-M05G\sub-M05G_ses-20220215T140358_icephys.nwb,sub-M05G_ses-20220215T140358_icephys.nwb,size
6735529,data\updated_nwbs\M13\6735529.nwb,001776\sub-M13G\sub-M13G_ses-20220504T180225_icephys.nwb,sub-M13G_ses-20220504T180225_icephys.nwb,size
6763250,data\updated_nwbs\M17\6763250.nwb,001776\sub-M17G\sub-M17G_ses-20220425T153656_icephys.nwb,sub-M17G_ses-20220425T153656_icephys.nwb,size
6813689,data\updated_nwbs\M28\6813689.nwb,001776\sub-M28G\sub-M28G_ses-20250709T120135_obj-1jrcutw_icephys.nwb,sub-M28G_ses-20250709T120135_obj-1jrcutw_icephys.nwb,size
6820854,data\updated_nwbs\M25\6820854.nwb,001776\sub-M25G\sub-M25G_ses-20241024T114740_obj-1c1ntc1_icephys.nwb,sub-M25G_ses-20241024T114740_obj-1c1ntc1_icephys.nwb,size
6828946,data\updated_nwbs\M28\6828946.nwb,001776\sub-M28G\sub-M28G_ses-20250709T120135_obj-142g4mg_icephys.nwb,sub-M28G_ses-20250709T120135_obj-142g4mg_icephys.nwb,size
6840507,data\updated_nwbs\A22\6840507.nwb,001776\sub-A22W\sub-A22W_ses-20220617T153955_icephys.nwb,sub-A22W_ses-20220617T153955_icephys.nwb,size
6846705,data\updated_nwbs\A20\6846705.nwb,001776\sub-A20W\sub-A20W_ses-20220421T141617_icephys.nwb,sub-A20W_ses-20220421T141617_icephys.nwb,size
6850624,data\updated_nwbs\M17\6850624.nwb,001776\sub-M17W\sub-M17W_ses-20210226T190143_icephys.nwb,sub-M17W_ses-20210226T190143_icephys.nwb,size
6852521,data\updated_nwbs\A20\6852521.nwb,001776\sub-A20W\sub-A20W_ses-20220421T152037_icephys.nwb,sub-A20W_ses-20220421T152037_icephys.nwb,size
6858220,data\updated_nwbs\M22\6858220.nwb,001776\sub-M22G\sub-M22G_ses-20240416T125914_obj-1f03don_icephys.nwb,sub-M22G_ses-20240416T125914_obj-1f03don_icephys.nwb,size
6897177,data\updated_nwbs\M04\6897177.nwb,001776\sub-M04G\sub-M04G_ses-20220208T115657_obj-ricn3s_icephys.nwb,sub-M04G_ses-20220208T115657_obj-ricn3s_icephys.nwb,size
6904295,data\updated_nwbs\M09\6904295.nwb,001776\sub-M09G\sub-M09G_ses-20220315T160100_icephys.nwb,sub-M09G_ses-20220315T160100_icephys.nwb,size
6914308,data\updated_nwbs\A35\6914308.nwb,001776\sub-A35W\sub-A35W_ses-20230803T220029_icephys.nwb,sub-A35W_ses-20230803T220029_icephys.nwb,size
6918750,data\updated_nwbs\M07\6918750.nwb,001776\sub-M07G\sub-M07G_ses-20220103T181812_icephys.nwb,sub-M07G_ses-20220103T181812_icephys.nwb,size
6935443,data\updated_nwbs\M09\6935443.nwb,001776\sub-M09G\sub-M09G_ses-20220315T172010_icephys.nwb,sub-M09G_ses-20220315T172010_icephys.nwb,size
6972567,data\updated_nwbs\M28\6972567.nwb,001776\sub-M28G\sub-M28G_ses-20250709T120135_obj-e1feu8_icephys.nwb,sub-M28G_ses-20250709T120135_obj-e1feu8_icephys.nwb,size
6978762,data\updated_nwbs\M05\6978762.nwb,001776\sub-M05G\sub-M05G_ses-20220215T144349_icephys.nwb,sub-M05G_ses-20220215T144349_icephys.nwb,size
6981727,data\updated_nwbs\M26\6981727.nwb,001776\sub-M26G\sub-M26G_ses-20241128T134138_icephys.nwb,sub-M26G_ses-20241128T134138_icephys.nwb,size
7007468,data\updated_nwbs\A12\7007468.nwb,001776\sub-A12W\sub-A12W_ses-20210804T153348_icephys.nwb,sub-A12W_ses-20210804T153348_icephys.nwb,size
7011034,data\updated_nwbs\A23\7011034.nwb,001776\sub-A23W\sub-A23W_ses-20220620T182359_icephys.nwb,sub-A23W_ses-20220620T182359_icephys.nwb,size
7047260,data\updated_nwbs\M06\7047260.nwb,001776\sub-M06G\sub-M06G_ses-20220222T190300_icephys.nwb,sub-M06G_ses-20220222T190300_icephys.nwb,size
7079871,data\updated_nwbs\A29\7079871.nwb,001776\sub-A29W\sub-A29W_ses-20230111T174714_icephys.nwb,sub-A29W_ses-20230111T174714_icephys.nwb,size
7098678,data\updated_nwbs\A32\7098678.nwb,001776\sub-A32W\sub-A32W_ses-20230711T195451_icephys.nwb,sub-A32W_ses-20230711T195451_icephys.nwb,size
7102055,data\updated_nwbs\A21\7102055.nwb,001776\sub-A21W\sub-A21W_ses-20220503T144852_icephys.nwb,sub-A21W_ses-20220503T144852_icephys.nwb,size
7126917,data\updated_nwbs\A25\7126917.nwb,001776\sub-A25W\sub-A25W_ses-20220803T214909_icephys.nwb,sub-A25W_ses-20220803T214909_icephys.nwb,size
7133431,data\updated_nwbs\M24\7133431.nwb,001776\sub-M24G\sub-M24G_ses-20240917T115014_obj-fydg33_icephys.nwb,sub-M24G_ses-20240917T115014_obj-fydg33_icephys.nwb,size
7135786,data\updated_nwbs\M18\7135786.nwb,001776\sub-M18G\sub-M18G_ses-20220426T111909_obj-1ik5ouw_icephys.nwb,sub-M18G_ses-20220426T111909_obj-1ik5ouw_icephys.nwb,size
7138747,data\updated_nwbs\A19\7138747.nwb,001776\sub-A19W\sub-A19W_ses-20220324T192414_icephys.nwb,sub-A19W_ses-20220324T192414_icephys.nwb,size
7142520,data\updated_nwbs\M25\7142520.nwb,001776\sub-M25G\sub-M25G_ses-20241024T114740_obj-ondt98_icephys.nwb,sub-M25G_ses-20241024T114740_obj-ondt98_icephys.nwb,size
7146744,data\updated_nwbs\A11\7146744.nwb,001776\sub-A11W\sub-A11W_ses-20210608T014410_icephys.nwb,sub-A11W_ses-20210608T014410_icephys.nwb,size
7155705,data\updated_nwbs\M03\7155705.nwb,001776\sub-M03G\sub-M03G_ses-20220126T150725_obj-r4ulqe_icephys.nwb,sub-M03G_ses-20220126T150725_obj-r4ulqe_icephys.nwb,size
7166085,data\updated_nwbs\M27\7166085.nwb,001776\sub-M27G\sub-M27G_ses-20250624T120927_obj-c6fvs8_icephys.nwb,sub-M27G_ses-20250624T120927_obj-c6fvs8_icephys.nwb,size
7201841,data\updated_nwbs\M13\7201841.nwb,001776\sub-M13G\sub-M13G_ses-20220504T183318_icephys.nwb,sub-M13G_ses-20220504T183318_icephys.nwb,size
7210957,data\updated_nwbs\M17\7210957.nwb,001776\sub-M17G\sub-M17G_ses-20220425T125702_obj-fu04nw_icephys.nwb,sub-M17G_ses-20220425T125702_obj-fu04nw_icephys.nwb,size
7291841,data\updated_nwbs\M02\7291841.nwb,001776\sub-M02G\sub-M02G_ses-20220125T184302_icephys.nwb,sub-M02G_ses-20220125T184302_icephys.nwb,size
7303561,data\updated_nwbs\M21\7303561.nwb,001776\sub-M21G\sub-M21G_ses-20240503T123927_icephys.nwb,sub-M21G_ses-20240503T123927_icephys.nwb,size
7342105,data\updated_nwbs\A12\7342105.nwb,001776\sub-A12W\sub-A12W_ses-20210804T190046_icephys.nwb,sub-A12W_ses-20210804T190046_icephys.nwb,size
7363774,data\updated_nwbs\M21\7363774.nwb,001776\sub-M21G\sub-M21G_ses-20240305T105348_obj-1iwmvr2_icephys.nwb,sub-M21G_ses-20240305T105348_obj-1iwmvr2_icephys.nwb,size
7391005,data\updated_nwbs\A24\7391005.nwb,001776\sub-A24W\sub-A24W_ses-20220629T154934_icephys.nwb,sub-A24W_ses-20220629T154934_icephys.nwb,size
7397682,data\updated_nwbs\M23\7397682.nwb,001776\sub-M23G\sub-M23G_ses-20240406T212556_icephys.nwb,sub-M23G_ses-20240406T212556_icephys.nwb,size
7403426,data\updated_nwbs\A09\7403426.nwb,001776\sub-A9W\sub-A9W_ses-20210311T164009_icephys.nwb,sub-A9W_ses-20210311T164009_icephys.nwb,size
7409014,data\updated_nwbs\M25\7409014.nwb,001776\sub-M25G\sub-M25G_ses-20241024T114740_obj-udpuah_icephys.nwb,sub-M25G_ses-20241024T114740_obj-udpuah_icephys.nwb,size
7419432,data\updated_nwbs\A28\7419432.nwb,001776\sub-A28W\sub-A28W_ses-20221212T144042_icephys.nwb,sub-A28W_ses-20221212T144042_icephys.nwb,size
7422126,data\updated_nwbs\M16\7422126.nwb,001776\sub-M16W\sub-M16W_ses-20210204T203856_icephys.nwb,sub-M16W_ses-20210204T203856_icephys.nwb,size
7442926,data\updated_nwbs\A35\7442926.nwb,001776\sub-A35W\sub-A35W_ses-20230803T191546_icephys.nwb,sub-A35W_ses-20230803T191546_icephys.nwb,size
7443689,data\updated_nwbs\A28\7443689.nwb,001776\sub-A28W\sub-A28W_ses-20221212T162050_icephys.nwb,sub-A28W_ses-20221212T162050_icephys.nwb,size
7485689,data\updated_nwbs\M16\7485689.nwb,001776\sub-M16G\sub-M16G_ses-20220420T121747_obj-j2sq4x_icephys.nwb,sub-M16G_ses-20220420T121747_obj-j2sq4x_icephys.nwb,size
7527622,data\updated_nwbs\A24\7527622.nwb,001776\sub-A24W\sub-A24W_ses-20220629T144809_icephys.nwb,sub-A24W_ses-20220629T144809_icephys.nwb,size
7550433,data\updated_nwbs\M28\7550433.nwb,001776\sub-M28G\sub-M28G_ses-20250709T124759_obj-ke5rft_icephys.nwb,sub-M28G_ses-20250709T124759_obj-ke5rft_icephys.nwb,size
7562291,data\updated_nwbs\A27\7562291.nwb,001776\sub-A27W\sub-A27W_ses-20220825T154130_icephys.nwb,sub-A27W_ses-20220825T154130_icephys.nwb,size
7588725,data\updated_nwbs\A34\7588725.nwb,001776\sub-A34W\sub-A34W_ses-20230717T195949_icephys.nwb,sub-A34W_ses-20230717T195949_icephys.nwb,size
7655507,data\updated_nwbs\M26\7655507.nwb,001776\sub-M26G\sub-M26G_ses-20241128T171051_icephys.nwb,sub-M26G_ses-20241128T171051_icephys.nwb,size
7669102,data\updated_nwbs\M15\7669102.nwb,001776\sub-M15G\sub-M15G_ses-20220419T123451_obj-1uljxpm_icephys.nwb,sub-M15G_ses-20220419T123451_obj-1uljxpm_icephys.nwb,size
7678232,data\updated_nwbs\A21\7678232.nwb,001776\sub-A21W\sub-A21W_ses-20220503T182201_icephys.nwb,sub-A21W_ses-20220503T182201_icephys.nwb,size
7731286,data\updated_nwbs\M13\7731286.nwb,001776\sub-M13G\sub-M13G_ses-20220504T124241_icephys.nwb,sub-M13G_ses-20220504T124241_icephys.nwb,size
7748799,data\updated_nwbs\A10\7748799.nwb,001776\sub-A10W\sub-A10W_ses-20210602T162346_icephys.nwb,sub-A10W_ses-20210602T162346_icephys.nwb,size
7753082,data\updated_nwbs\M28\7753082.nwb,001776\sub-M28G\sub-M28G_ses-20250907T175549_icephys.nwb,sub-M28G_ses-20250907T175549_icephys.nwb,size
7782490,data\updated_nwbs\M28\7782490.nwb,001776\sub-M28G\sub-M28G_ses-20250709T124759_obj-upy9rt_icephys.nwb,sub-M28G_ses-20250709T124759_obj-upy9rt_icephys.nwb,size
7797406,data\updated_nwbs\M25\7797406.nwb,001776\sub-M25G\sub-M25G_ses-20241024T133416_icephys.nwb,sub-M25G_ses-20241024T133416_icephys.nwb,size
7820386,data\updated_nwbs\M28\7820386.nwb,001776\sub-M28G\sub-M28G_ses-20250709T120135_obj-63c0o3_icephys.nwb,sub-M28G_ses-20250709T120135_obj-63c0o3_icephys.nwb,size
7836270,data\updated_nwbs\M26\7836270.nwb,001776\sub-M26G\sub-M26G_ses-20241128T115946_obj-1ag190a_icephys.nwb,sub-M26G_ses-20241128T115946_obj-1ag190a_icephys.nwb,size
7839811,data\updated_nwbs\A19\7839811.nwb,001776\sub-A19W\sub-A19W_ses-20220324T221707_icephys.nwb,sub-A19W_ses-20220324T221707_icephys.nwb,size
7861316,data\updated_nwbs\A17\7861316.nwb,001776\sub-A17W\sub-A17W_ses-20211202T235547_icephys.nwb,sub-A17W_ses-20211202T235547_icephys.nwb,size
7864648,data\updated_nwbs\M07\7864648.nwb,001776\sub-M07G\sub-M07G_ses-20220301T102256_obj-1qkbnga_icephys.nwb,sub-M07G_ses-20220301T102256_obj-1qkbnga_icephys.nwb,size
7870962,data\updated_nwbs\M25\7870962.nwb,001776\sub-M25G\sub-M25G_ses-20241024T124226_icephys.nwb,sub-M25G_ses-20241024T124226_icephys.nwb,size
7909906,data\updated_nwbs\A34\7909906.nwb,001776\sub-A34W\sub-A34W_ses-20230717T162708_icephys.nwb,sub-A34W_ses-20230717T162708_icephys.nwb,size
7930865,data\updated_nwbs\M06\7930865.nwb,001776\sub-M06G\sub-M06G_ses-20220222T180403_icephys.nwb,sub-M06G_ses-20220222T180403_icephys.nwb,size
7965332,data\updated_nwbs\M05\7965332.nwb,001776\sub-M05G\sub-M05G_ses-20220215T122034_obj-1wmp69i_icephys.nwb,sub-M05G_ses-20220215T122034_obj-1wmp69i_icephys.nwb,size
8023495,data\updated_nwbs\M15\8023495.nwb,001776\sub-M15G\sub-M15G_ses-20220419T181319_icephys.nwb,sub-M15G_ses-20220419T181319_icephys.nwb,size
8039274,data\updated_nwbs\M22\8039274.nwb,001776\sub-M22G\sub-M22G_ses-20240416T195359_icephys.nwb,sub-M22G_ses-20240416T195359_icephys.nwb,size
8050650,data\updated_nwbs\M26\8050650.nwb,001776\sub-M26G\sub-M26G_ses-20241128T115946_obj-cbb3v0_icephys.nwb,sub-M26G_ses-20241128T115946_obj-cbb3v0_icephys.nwb,size
8087884,data\updated_nwbs\M21\8087884.nwb,001776\sub-M21G\sub-M21G_ses-20240305T105348_obj-wicrs0_icephys.nwb,sub-M21G_ses-20240305T105348_obj-wicrs0_icephys.nwb,size
8088996,data\updated_nwbs\M20\8088996.nwb,001776\sub-M20G\sub-M20G_ses-20240123T115949_obj-1dg1k3g_icephys.nwb,sub-M20G_ses-20240123T115949_obj-1dg1k3g_icephys.nwb,size
8092528,data\updated_nwbs\A28\8092528.nwb,001776\sub-A28W\sub-A28W_ses-20221212T215925_icephys.nwb,sub-A28W_ses-20221212T215925_icephys.nwb,size
8185017,data\updated_nwbs\M17\8185017.nwb,001776\sub-M17G\sub-M17G_ses-20220425T180118_icephys.nwb,sub-M17G_ses-20220425T180118_icephys.nwb,size
8202874,data\updated_nwbs\A09\8202874.nwb,001776\sub-A9W\sub-A9W_ses-20210311T182938_icephys.nwb,sub-A9W_ses-20210311T182938_icephys.nwb,size
8204825,data\updated_nwbs\M20\8204825.nwb,001776\sub-M20G\sub-M20G_ses-20240123T115949_obj-bzpfec_icephys.nwb,sub-M20G_ses-20240123T115949_obj-bzpfec_icephys.nwb,size
8213007,data\updated_nwbs\A16\8213007.nwb,001776\sub-A16W\sub-A16W_ses-20211118T203756_icephys.nwb,sub-A16W_ses-20211118T203756_icephys.nwb,size
8251824,data\updated_nwbs\M18\8251824.nwb,001776\sub-M18G\sub-M18G_ses-20220426T111909_obj-ig7al6_icephys.nwb,sub-M18G_ses-20220426T111909_obj-ig7al6_icephys.nwb,size
8257021,data\updated_nwbs\A19\8257021.nwb,001776\sub-A19W\sub-A19W_ses-20220324T215948_icephys.nwb,sub-A19W_ses-20220324T215948_icephys.nwb,size
8259947,data\updated_nwbs\M27\8259947.nwb,001776\sub-M27G\sub-M27G_ses-20250624T175316_icephys.nwb,sub-M27G_ses-20250624T175316_icephys.nwb,size
8272043,data\updated_nwbs\A11\8272043.nwb,001776\sub-A11W\sub-A11W_ses-20210607T174304_icephys.nwb,sub-A11W_ses-20210607T174304_icephys.nwb,size
8299241,data\updated_nwbs\M25\8299241.nwb,001776\sub-M25G\sub-M25G_ses-20241024T140408_icephys.nwb,sub-M25G_ses-20241024T140408_icephys.nwb,size
8310773,data\updated_nwbs\M25\8310773.nwb,001776\sub-M25G\sub-M25G_ses-20241024T185209_icephys.nwb,sub-M25G_ses-20241024T185209_icephys.nwb,size
8326191,data\updated_nwbs\A17\8326191.nwb,001776\sub-A17W\sub-A17W_ses-20211202T204739_icephys.nwb,sub-A17W_ses-20211202T204739_icephys.nwb,size
8341530,data\updated_nwbs\A18\8341530.nwb,001776\sub-A18W\sub-A18W_ses-20220112T161934_icephys.nwb,sub-A18W_ses-20220112T161934_icephys.nwb,size
8360921,data\updated_nwbs\M04\8360921.nwb,001776\sub-M04G\sub-M04G_ses-20220208T115657_obj-upp4h6_icephys.nwb,sub-M04G_ses-20220208T115657_obj-upp4h6_icephys.nwb,size
8364338,data\updated_nwbs\A35\8364338.nwb,001776\sub-A35W\sub-A35W_ses-20230803T150707_icephys.nwb,sub-A35W_ses-20230803T150707_icephys.nwb,size
8384731,data\updated_nwbs\M14\8384731.nwb,001776\sub-M14G\sub-M14G_ses-20221204T175421_icephys.nwb,sub-M14G_ses-20221204T175421_icephys.nwb,size
8440287,data\updated_nwbs\M08\8440287.nwb,001776\sub-M08G\sub-M08G_ses-20220308T143942_obj-fq7jfj_icephys.nwb,sub-M08G_ses-20220308T143942_obj-fq7jfj_icephys.nwb,size
8443907,data\updated_nwbs\A35\8443907.nwb,001776\sub-A35W\sub-A35W_ses-20230804T010938_icephys.nwb,sub-A35W_ses-20230804T010938_icephys.nwb,size
8453079,data\updated_nwbs\M09\8453079.nwb,001776\sub-M09G\sub-M09G_ses-20220315T165012_icephys.nwb,sub-M09G_ses-20220315T165012_icephys.nwb,size
8475887,data\updated_nwbs\A20\8475887.nwb,001776\sub-A20W\sub-A20W_ses-20220421T160958_icephys.nwb,sub-A20W_ses-20220421T160958_icephys.nwb,size
8480963,data\updated_nwbs\M17\8480963.nwb,001776\sub-M17G\sub-M17G_ses-20220425T125702_obj-1ok4c6o_icephys.nwb,sub-M17G_ses-20220425T125702_obj-1ok4c6o_icephys.nwb,size
8482383,data\updated_nwbs\M25\8482383.nwb,001776\sub-M25G\sub-M25G_ses-20241024T114740_obj-9zenae_icephys.nwb,sub-M25G_ses-20241024T114740_obj-9zenae_icephys.nwb,size
8483348,data\updated_nwbs\A14\8483348.nwb,001776\sub-A14W\sub-A14W_ses-20211007T194751_icephys.nwb,sub-A14W_ses-20211007T194751_icephys.nwb,size
8492996,data\updated_nwbs\M07\8492996.nwb,001776\sub-M07G\sub-M07G_ses-20220103T162758_icephys.nwb,sub-M07G_ses-20220103T162758_icephys.nwb,size
8583490,data\updated_nwbs\A13\8583490.nwb,001776\sub-A13W\sub-A13W_ses-20210923T234749_icephys.nwb,sub-A13W_ses-20210923T234749_icephys.nwb,size
8586232,data\updated_nwbs\A15\8586232.nwb,001776\sub-A15W\sub-A15W_ses-20211112T212509_icephys.nwb,sub-A15W_ses-20211112T212509_icephys.nwb,size
8587360,data\updated_nwbs\M14\8587360.nwb,001776\sub-M14G\sub-M14G_ses-20220412T101008_obj-12b6y9l_icephys.nwb,sub-M14G_ses-20220412T101008_obj-12b6y9l_icephys.nwb,size
8590892,data\updated_nwbs\A09\8590892.nwb,001776\sub-A9W\sub-A9W_ses-20210311T162536_icephys.nwb,sub-A9W_ses-20210311T162536_icephys.nwb,size
8592919,data\updated_nwbs\A14\8592919.nwb,001776\sub-A14W\sub-A14W_ses-20211007T144916_icephys.nwb,sub-A14W_ses-20211007T144916_icephys.nwb,size
8607655,data\updated_nwbs\A12\8607655.nwb,001776\sub-A12W\sub-A12W_ses-20210804T222321_icephys.nwb,sub-A12W_ses-20210804T222321_icephys.nwb,size
8609816,data\updated_nwbs\A23\8609816.nwb,001776\sub-A23W\sub-A23W_ses-20220620T151724_icephys.nwb,sub-A23W_ses-20220620T151724_icephys.nwb,size
8612702,data\updated_nwbs\A35\8612702.nwb,001776\sub-A35W\sub-A35W_ses-20230803T215654_icephys.nwb,sub-A35W_ses-20230803T215654_icephys.nwb,size
8626570,data\updated_nwbs\A11\8626570.nwb,001776\sub-A11W\sub-A11W_ses-20210607T195135_icephys.nwb,sub-A11W_ses-20210607T195135_icephys.nwb,size
8640211,data\updated_nwbs\A24\8640211.nwb,001776\sub-A24W\sub-A24W_ses-20220629T194414_icephys.nwb,sub-A24W_ses-20220629T194414_icephys.nwb,size
8659677,data\updated_nwbs\A18\8659677.nwb,001776\sub-A18W\sub-A18W_ses-20220112T205014_icephys.nwb,sub-A18W_ses-20220112T205014_icephys.nwb,size
8683814,data\updated_nwbs\A35\8683814.nwb,001776\sub-A35W\sub-A35W_ses-20230803T170108_icephys.nwb,sub-A35W_ses-20230803T170108_icephys.nwb,size
8712866,data\updated_nwbs\A17\8712866.nwb,001776\sub-A17W\sub-A17W_ses-20211202T201120_icephys.nwb,sub-A17W_ses-20211202T201120_icephys.nwb,size
8731777,data\updated_nwbs\A28\8731777.nwb,001776\sub-A28W\sub-A28W_ses-20221212T193432_icephys.nwb,sub-A28W_ses-20221212T193432_icephys.nwb,size
8748546,data\updated_nwbs\M03\8748546.nwb,001776\sub-M03G\sub-M03G_ses-20220126T150725_obj-o646q6_icephys.nwb,sub-M03G_ses-20220126T150725_obj-o646q6_icephys.nwb,size
8749915,data\updated_nwbs\A19\8749915.nwb,001776\sub-A19W\sub-A19W_ses-20220324T134829_icephys.nwb,sub-A19W_ses-20220324T134829_icephys.nwb,size
8759616,data\updated_nwbs\M22\8759616.nwb,001776\sub-M22G\sub-M22G_ses-20240416T182817_icephys.nwb,sub-M22G_ses-20240416T182817_icephys.nwb,size
8764562,data\updated_nwbs\M26\8764562.nwb,001776\sub-M26G\sub-M26G_ses-20241128T163249_icephys.nwb,sub-M26G_ses-20241128T163249_icephys.nwb,size
8781512,data\updated_nwbs\M19\8781512.nwb,001776\sub-M19G\sub-M19G_ses-20230118T144851_icephys.nwb,sub-M19G_ses-20230118T144851_icephys.nwb,size
8804798,data\updated_nwbs\M24\8804798.nwb,001776\sub-M24G\sub-M24G_ses-20240917T125957_icephys.nwb,sub-M24G_ses-20240917T125957_icephys.nwb,size
8808433,data\updated_nwbs\A25\8808433.nwb,001776\sub-A25W\sub-A25W_ses-20220803T134549_icephys.nwb,sub-A25W_ses-20220803T134549_icephys.nwb,size
8854274,data\updated_nwbs\M04\8854274.nwb,001776\sub-M04G\sub-M04G_ses-20220802T164712_icephys.nwb,sub-M04G_ses-20220802T164712_icephys.nwb,size
8864530,data\updated_nwbs\M25\8864530.nwb,001776\sub-M25G\sub-M25G_ses-20241024T182358_icephys.nwb,sub-M25G_ses-20241024T182358_icephys.nwb,size
8866482,data\updated_nwbs\M24\8866482.nwb,001776\sub-M24G\sub-M24G_ses-20240917T150052_icephys.nwb,sub-M24G_ses-20240917T150052_icephys.nwb,size
8923895,data\updated_nwbs\A14\8923895.nwb,001776\sub-A14W\sub-A14W_ses-20211007T165409_icephys.nwb,sub-A14W_ses-20211007T165409_icephys.nwb,size
8924745,data\updated_nwbs\M17\8924745.nwb,001776\sub-M17W\sub-M17W_ses-20210226T194608_icephys.nwb,sub-M17W_ses-20210226T194608_icephys.nwb,size
8975353,data\updated_nwbs\M14\8975353.nwb,001776\sub-M14G\sub-M14G_ses-20221204T152025_icephys.nwb,sub-M14G_ses-20221204T152025_icephys.nwb,size
8988130,data\updated_nwbs\M14\8988130.nwb,001776\sub-M14G\sub-M14G_ses-20221204T190827_icephys.nwb,sub-M14G_ses-20221204T190827_icephys.nwb,size
8990217,data\updated_nwbs\M06\8990217.nwb,001776\sub-M06G\sub-M06G_ses-20220222T163826_icephys.nwb,sub-M06G_ses-20220222T163826_icephys.nwb,size
8996655,data\updated_nwbs\A09\8996655.nwb,001776\sub-A9W\sub-A9W_ses-20210311T172942_icephys.nwb,sub-A9W_ses-20210311T172942_icephys.nwb,size
9062193,data\updated_nwbs\M26\9062193.nwb,001776\sub-M26G\sub-M26G_ses-20241128T181824_icephys.nwb,sub-M26G_ses-20241128T181824_icephys.nwb,size
9089386,data\updated_nwbs\A27\9089386.nwb,001776\sub-A27W\sub-A27W_ses-20220825T142629_icephys.nwb,sub-A27W_ses-20220825T142629_icephys.nwb,size
9095418,data\updated_nwbs\M27\9095418.nwb,001776\sub-M27G\sub-M27G_ses-20250624T155426_icephys.nwb,sub-M27G_ses-20250624T155426_icephys.nwb,size
9099639,data\updated_nwbs\A32\9099639.nwb,001776\sub-A32W\sub-A32W_ses-20230711T160837_icephys.nwb,sub-A32W_ses-20230711T160837_icephys.nwb,size
9160536,data\updated_nwbs\M06\9160536.nwb,001776\sub-M06G\sub-M06G_ses-20220222T160625_icephys.nwb,sub-M06G_ses-20220222T160625_icephys.nwb,size
9167543,data\updated_nwbs\A24\9167543.nwb,001776\sub-A24W\sub-A24W_ses-20220629T165600_icephys.nwb,sub-A24W_ses-20220629T165600_icephys.nwb,size
9191097,data\updated_nwbs\A33\9191097.nwb,001776\sub-A33W\sub-A33W_ses-20230714T144634_icephys.nwb,sub-A33W_ses-20230714T144634_icephys.nwb,size
9201742,data\updated_nwbs\M27\9201742.nwb,001776\sub-M27G\sub-M27G_ses-20250624T120927_obj-6yutgg_icephys.nwb,sub-M27G_ses-20250624T120927_obj-6yutgg_icephys.nwb,size
9234867,data\updated_nwbs\M28\9234867.nwb,001776\sub-M28G\sub-M28G_ses-20250709T120135_obj-k4a0dl_icephys.nwb,sub-M28G_ses-20250709T120135_obj-k4a0dl_icephys.nwb,size
9239003,data\updated_nwbs\A12\9239003.nwb,001776\sub-A12W\sub-A12W_ses-20210804T130936_icephys.nwb,sub-A12W_ses-20210804T130936_icephys.nwb,size
9246856,data\updated_nwbs\A24\9246856.nwb,001776\sub-A24W\sub-A24W_ses-20220629T215332_icephys.nwb,sub-A24W_ses-20220629T215332_icephys.nwb,size
9256455,data\updated_nwbs\M03\9256455.nwb,001776\sub-M03G\sub-M03G_ses-20220126T182837_icephys.nwb,sub-M03G_ses-20220126T182837_icephys.nwb,size
9275035,data\updated_nwbs\M22\9275035.nwb,001776\sub-M22G\sub-M22G_ses-20240416T145530_icephys.nwb,sub-M22G_ses-20240416T145530_icephys.nwb,size
9287461,data\updated_nwbs\M28\9287461.nwb,001776\sub-M28G\sub-M28G_ses-20250709T120135_obj-cexk8x_icephys.nwb,sub-M28G_ses-20250709T120135_obj-cexk8x_icephys.nwb,size
9288052,data\updated_nwbs\A14\9288052.nwb,001776\sub-A14W\sub-A14W_ses-20211007T135414_icephys.nwb,sub-A14W_ses-20211007T135414_icephys.nwb,size
9302855,data\updated_nwbs\M28\9302855.nwb,001776\sub-M28G\sub-M28G_ses-20250709T124759_obj-18rat3i_icephys.nwb,sub-M28G_ses-20250709T124759_obj-18rat3i_icephys.nwb,size
9303961,data\updated_nwbs\A14\9303961.nwb,001776\sub-A14W\sub-A14W_ses-20211007T232857_icephys.nwb,sub-A14W_ses-20211007T232857_icephys.nwb,size
9350585,data\updated_nwbs\A21\9350585.nwb,001776\sub-A21W\sub-A21W_ses-20220503T165555_icephys.nwb,sub-A21W_ses-20220503T165555_icephys.nwb,size
9353976,data\updated_nwbs\M07\9353976.nwb,001776\sub-M07G\sub-M07G_ses-20220103T135142_icephys.nwb,sub-M07G_ses-20220103T135142_icephys.nwb,size
9358923,data\updated_nwbs\M24\9358923.nwb,001776\sub-M24G\sub-M24G_ses-20240917T181746_icephys.nwb,sub-M24G_ses-20240917T181746_icephys.nwb,size
9365629,data\updated_nwbs\M19\9365629.nwb,001776\sub-M19G\sub-M19G_ses-20230118T181614_icephys.nwb,sub-M19G_ses-20230118T181614_icephys.nwb,size
9388994,data\updated_nwbs\M15\9388994.nwb,001776\sub-M15G\sub-M15G_ses-20220419T123451_obj-1hp4xuo_icephys.nwb,sub-M15G_ses-20220419T123451_obj-1hp4xuo_icephys.nwb,size
9461440,data\updated_nwbs\M17\9461440.nwb,001776\sub-M17G\sub-M17G_ses-20220425T115256_icephys.nwb,sub-M17G_ses-20220425T115256_icephys.nwb,size
9484205,data\updated_nwbs\M17\9484205.nwb,001776\sub-M17W\sub-M17W_ses-20210226T212327_icephys.nwb,sub-M17W_ses-20210226T212327_icephys.nwb,size
9537193,data\updated_nwbs\A12\9537193.nwb,001776\sub-A12W\sub-A12W_ses-20210804T174822_icephys.nwb,sub-A12W_ses-20210804T174822_icephys.nwb,size
9538012,data\updated_nwbs\M14\9538012.nwb,001776\sub-M14G\sub-M14G_ses-20220412T101008_obj-1fjztas_icephys.nwb,sub-M14G_ses-20220412T101008_obj-1fjztas_icephys.nwb,size
9545510,data\updated_nwbs\M17\9545510.nwb,001776\sub-M17W\sub-M17W_ses-20210226T192649_icephys.nwb,sub-M17W_ses-20210226T192649_icephys.nwb,size
9622872,data\updated_nwbs\M23\9622872.nwb,001776\sub-M23G\sub-M23G_ses-20240406T184115_icephys.nwb,sub-M23G_ses-20240406T184115_icephys.nwb,size
9689925,data\updated_nwbs\M16\9689925.nwb,001776\sub-M16G\sub-M16G_ses-20220420T132010_icephys.nwb,sub-M16G_ses-20220420T132010_icephys.nwb,size
9706939,data\updated_nwbs\M24\9706939.nwb,001776\sub-M24G\sub-M24G_ses-20240917T154707_icephys.nwb,sub-M24G_ses-20240917T154707_icephys.nwb,size
9740115,data\updated_nwbs\A13\9740115.nwb,001776\sub-A13W\sub-A13W_ses-20210923T225846_icephys.nwb,sub-A13W_ses-20210923T225846_icephys.nwb,size
9749477,data\updated_nwbs\M22\9749477.nwb,001776\sub-M22G\sub-M22G_ses-20240416T125914_obj-ok9xrb_icephys.nwb,sub-M22G_ses-20240416T125914_obj-ok9xrb_icephys.nwb,size
9791993,data\updated_nwbs\A20\9791993.nwb,001776\sub-A20W\sub-A20W_ses-20220421T175345_icephys.nwb,sub-A20W_ses-20220421T175345_icephys.nwb,size
9825248,data\updated_nwbs\A23\9825248.nwb,001776\sub-A23W\sub-A23W_ses-20220620T163338_icephys.nwb,sub-A23W_ses-20220620T163338_icephys.nwb,size
9831599,data\updated_nwbs\A23\9831599.nwb,001776\sub-A23W\sub-A23W_ses-20220620T200055_icephys.nwb,sub-A23W_ses-20220620T200055_icephys.nwb,size
9838314,data\updated_nwbs\A17\9838314.nwb,001776\sub-A17W\sub-A17W_ses-20211202T225928_icephys.nwb,sub-A17W_ses-20211202T225928_icephys.nwb,size
9858512,data\updated_nwbs\M20\9858512.nwb,001776\sub-M20G\sub-M20G_ses-20240123T115949_obj-aszf4c_icephys.nwb,sub-M20G_ses-20240123T115949_obj-aszf4c_icephys.nwb,size
9863619,data\updated_nwbs\A23\9863619.nwb,001776\sub-A23W\sub-A23W_ses-20220620T211539_icephys.nwb,sub-A23W_ses-20220620T211539_icephys.nwb,size
9892049,data\updated_nwbs\M28\9892049.nwb,001776\sub-M28G\sub-M28G_ses-20250709T124759_obj-1y77149_icephys.nwb,sub-M28G_ses-20250709T124759_obj-1y77149_icephys.nwb,size
9897777,data\updated_nwbs\A10\9897777.nwb,001776\sub-A10W\sub-A10W_ses-20210602T212414_icephys.nwb,sub-A10W_ses-20210602T212414_icephys.nwb,size
9898241,data\updated_nwbs\M19\9898241.nwb,001776\sub-M19G\sub-M19G_ses-20230118T130154_icephys.nwb,sub-M19G_ses-20230118T130154_icephys.nwb,size
9933988,data\updated_nwbs\M05\9933988.nwb,001776\sub-M05G\sub-M05G_ses-20220215T132011_icephys.nwb,sub-M05G_ses-20220215T132011_icephys.nwb,size
9939110,data\updated_nwbs\M24\9939110.nwb,001776\sub-M24G\sub-M24G_ses-20240917T134139_icephys.nwb,sub-M24G_ses-20240917T134139_icephys.nwb,size
9945879,data\updated_nwbs\M08\9945879.nwb,001776\sub-M08G\sub-M08G_ses-20220308T143942_obj-w6weaa_icephys.nwb,sub-M08G_ses-20220308T143942_obj-w6weaa_icephys.nwb,size
9957795,data\updated_nwbs\A27\9957795.nwb,001776\sub-A27W\sub-A27W_ses-20220825T162229_icephys.nwb,sub-A27W_ses-20220825T162229_icephys.nwb,size
9959639,data\updated_nwbs\M05\9959639.nwb,001776\sub-M05G\sub-M05G_ses-20220215T122034_obj-wsjhid_icephys.nwb,sub-M05G_ses-20220215T122034_obj-wsjhid_icephys.nwb,size
9965958,data\updated_nwbs\A32\9965958.nwb,001776\sub-A32W\sub-A32W_ses-20230711T152941_icephys.nwb,sub-A32W_ses-20230711T152941_icephys.nwb,size
9978275,data\updated_nwbs\A12\9978275.nwb,001776\sub-A12W\sub-A12W_ses-20210804T214447_icephys.nwb,sub-A12W_ses-20210804T214447_icephys.nwb,size
